custom_site_id,lon,lat,vs30,vs30measured,z1pt0,z2pt5
s_0,141.0217,38.7292,395,0,117.9956366,0.29237089
s_1,141.0193,38.3175,396,0,117.2497011,0.291557376
s_2,140.6453,36.5914,447,0,84.84969814,0.25512043
s_3,140.9286,38.2661,164,0,441.7464091,0.770240247
s_4,140.4892,36.1587,254,0,279.4887446,0.475617004
s_5,140.191,37.1232,511,0,56.79664388,0.220142704
s_6,140.4102,36.5516,282,0,237.5975634,0.423847486
s_7,140.1804,36.5428,384,0,126.5140312,0.301613738
s_8,140.0751,36.548,287,0,230.6499702,0.415717473
s_9,139.7159,36.7261,430,0,94.49683517,0.266257525
s_10,141.0018,37.2338,277,0,244.7079635,0.432286251
s_11,140.3619,37.3959,382,0,128.1259343,0.303354403
s_12,140.093,37.1616,413,0,105.2598085,0.27836022
s_13,140.2246,35.7237,249,0,287.4900586,0.486152416
s_14,140.567,37.4343,641,0,26.03380328,0.171485175
s_15,141.1173,38.9334,466,0,75.2582782,0.243681662
s_16,140.2373,36.3851,347,0,159.7184845,0.337241527
s_17,141.5079,38.302,439,0,89.25738621,0.260248495
s_18,140.8924,37.9411,368,0,139.9766172,0.316096606
s_19,140.7227,37.4703,776,0,12.3629869,0.138917357
s_20,140.1781,36.7342,494,0,63.13536945,0.228505696
s_21,140.1401,36.3701,348,0,158.7223747,0.336173752
s_22,140.6344,37.2796,641,0,26.03380328,0.171485175
s_23,140.4528,36.369,225,0,327.9339623,0.543599431
s_24,141.3116,38.7349,469,0,73.84997864,0.241964502
s_25,140.3013,36.5566,334,0,173.1992897,0.351734948
s_26,141.532,39.0307,776,0,12.3629869,0.138917357
s_27,140.9853,37.6389,264,0,263.952376,0.455802393
s_28,141.8567,39.2699,776,0,12.3629869,0.138917357
s_29,140.9632,37.4061,393,0,119.5015271,0.294010972
s_30,140.3689,37.2844,331,0,176.4530334,0.355249667
s_31,140.9871,37.4911,265,0,262.4334928,0.453907308
s_32,140.6544,36.8808,776,0,12.3629869,0.138917357
s_33,141.511,38.7261,401,0,113.5891783,0.287553746
s_34,141.3512,38.8654,365,0,142.6489832,0.318960859
s_35,141.251,38.5877,397,0,116.5084073,0.29074817
s_36,140.6306,35.9766,272,0,251.9806957,0.441051391
s_37,140.9192,37.7946,250,0,285.8775696,0.484009893
s_38,140.3181,36.8369,443,0,87.02492123,0.25766013
s_39,140.0225,36.8578,343,0,163.7607167,0.341578092
s_40,140.6198,36.3631,242,0,298.9456253,0.501671692
s_41,141.1388,39.3206,241,0,300.6057962,0.503966127
s_42,140.7073,36.7126,302,0,210.7833575,0.393021653
s_43,141.3826,39.825,506,0,58.58757299,0.222541115
s_44,140.3976,36.6405,641,0,26.03380328,0.171485175
s_45,140.538,37.4894,776,0,12.3629869,0.138917357
s_46,140.9654,38.5801,216,0,343.8960842,0.568612097
s_47,141.4053,39.019,776,0,12.3629869,0.138917357
s_48,140.7342,37.6798,465,0,75.73390764,0.244259225
s_49,140.6008,37.8453,179,0,412.8958685,0.699423288
s_50,140.575,36.7955,776,0,12.3629869,0.138917357
s_51,141.3254,38.786,457,0,79.65327927,0.248975421
s_52,140.8871,38.4466,294,0,221.1969847,0.404823178
s_53,140.5954,36.3526,259,0,271.6420026,0.465508686
s_54,141.4428,38.6416,317,0,192.3663416,0.372577669
s_55,140.7593,37.5022,776,0,12.3629869,0.138917357
s_56,140.7129,39.174,641,0,26.03380328,0.171485175
s_57,141.0013,38.969,441,0,88.13391348,0.258948144
s_58,140.0494,35.9114,245,0,294.0003559,0.494906438
s_59,140.1948,36.0729,146,0,476.2840071,0.875522439
s_60,140.6362,38.3173,641,0,26.03380328,0.171485175
s_61,140.3386,37.2006,303,0,209.5107569,0.391592488
s_62,140.7804,38.5793,359,0,148.1392156,0.324840407
s_63,141.8233,39.2741,776,0,12.3629869,0.138917357
s_64,140.0577,35.7926,240,0,302.2717858,0.506280663
s_65,140.314,36.0864,252,0,282.6708814,0.479778445
s_66,139.9842,36.6959,344,0,162.7414488,0.340484013
s_67,139.7694,36.7084,327,0,180.8763679,0.360041452
s_68,141.2809,38.4282,260,0,270.0914357,0.463536032
s_69,141.6377,38.9207,442,0,87.57761797,0.258302606
s_70,140.8087,37.3363,477,0,70.22748096,0.237496315
s_71,139.9309,37.4775,363,0,144.4573544,0.320898013
s_72,141.5378,39.3367,192,0,388.1639527,0.647420094
s_73,140.4264,37.353,776,0,12.3629869,0.138917357
s_74,141.5709,38.9017,208,0,358.4013521,0.592759241
s_75,140.0227,36.4368,320,0,188.8540005,0.368730322
s_76,139.8048,36.2863,223,0,331.4464559,0.548974497
s_77,140.5703,37.2169,776,0,12.3629869,0.138917357
s_78,140.3196,35.9538,180,0,410.9810713,0.695142478
s_79,141.9336,39.4734,776,0,12.3629869,0.138917357
s_80,140.0825,36.9432,315,0,194.7393111,0.375185373
s_81,140.8708,38.1037,184,0,403.3397996,0.678507867
s_82,139.9652,36.1844,240,0,302.2717858,0.506280663
s_83,140.6212,38.0079,325,0,183.1247763,0.362483852
s_84,140.4381,37.6031,405,0,110.7423341,0.284425607
s_85,140.3582,36.7763,397,0,116.5084073,0.29074817
s_86,141.0473,39.3434,312,0,198.3461445,0.379162839
s_87,140.1558,36.5288,339,0,167.8963886,0.346022278
s_88,141.0983,39.2569,416,0,103.2745306,0.276148875
s_89,140.5484,36.6922,776,0,12.3629869,0.138917357
s_90,140.9702,37.0264,208,0,358.4013521,0.592759241
s_91,141.3909,39.1809,776,0,12.3629869,0.138917357
s_92,140.1295,36.7638,384,0,126.5140312,0.301613738
s_93,139.8731,35.9571,216,0,343.8960842,0.568612097
s_94,140.9031,37.0917,439,0,89.25738621,0.260248495
s_95,141.4514,38.5769,463,0,76.69457695,0.245422218
s_96,139.3778,35.0966,600,0,33.08965542,0.184442691
s_97,140.7928,36.9066,159,0,451.3764088,0.796974631
s_98,139.3253,36.4105,357,0,150.0130635,0.326846437
s_99,140.5546,37.0893,776,0,12.3629869,0.138917357
s_100,140.7822,37.976,166,0,437.8926225,0.76001999
s_101,140.0901,36.1256,227,0,324.442043,0.538323866
s_102,139.8637,36.5595,277,0,244.7079635,0.432286251
s_103,141.1527,39.1453,316,0,193.5496764,0.373877184
s_104,141.6775,39.463,776,0,12.3629869,0.138917357
s_105,140.1326,37.3963,641,0,26.03380328,0.171485175
s_106,141.4379,39.6339,776,0,12.3629869,0.138917357
s_107,141.0822,39.9203,258,0,273.1988558,0.467497414
s_108,140.4781,37.7624,326,0,181.9974965,0.361258715
s_109,140.3766,37.7643,285,0,233.4094561,0.418933503
s_110,141.3015,39.334,776,0,12.3629869,0.138917357
s_111,141.7093,39.0815,321,0,187.6957274,0.367464664
s_112,140.6027,38.0091,468,0,74.31633293,0.242534318
s_113,139.9082,36.0698,210,0,354.7489509,0.586541122
s_114,141.8034,39.8491,776,0,12.3629869,0.138917357
s_115,141.3423,40.2383,641,0,26.03380328,0.171485175
s_116,139.7676,36.56,304,0,208.2445988,0.390173203
s_117,140.2144,37.2822,403,0,112.156802,0.285981518
s_118,139.4221,36.8065,641,0,26.03380328,0.171485175
s_119,140.2869,36.1901,242,0,298.9456253,0.501671692
s_120,140.4903,35.8889,146,0,476.2840071,0.875522439
s_121,139.9889,36.1112,158,0,453.3006379,0.802535068
s_122,141.9087,39.7435,776,0,12.3629869,0.138917357
s_123,139.9264,36.8061,320,0,188.8540005,0.368730322
s_124,139.9826,36.3061,164,0,441.7464091,0.770240247
s_125,140.864,39.0094,641,0,26.03380328,0.171485175
s_126,140.5974,37.6636,776,0,12.3629869,0.138917357
s_127,139.9024,35.7871,142,0,483.8762778,0.902739349
s_128,141.4245,40.1533,776,0,12.3629869,0.138917357
s_129,140.8441,38.1133,438,0,89.8246063,0.260903352
s_130,139.5195,35.4991,367,0,140.8620774,0.317045889
s_131,140.1075,37.5472,188,0,395.7320299,0.662616397
s_132,140.3763,37.0237,437,0,90.39551092,0.261561359
s_133,141.071,38.5907,406,0,110.0417572,0.283653691
s_134,141.3958,41.2256,245,0,294.0003559,0.494906438
s_135,140.6512,38.7989,401,0,113.5891783,0.287553746
s_136,139.2894,36.1131,275,0,247.5976163,0.435752111
s_137,139.8114,35.6553,153,0,462.905823,0.831484527
s_138,141.1477,39.6954,346,0,160.720353,0.33831579
s_139,141.3296,39.7844,776,0,12.3629869,0.138917357
s_140,139.7184,36.8153,534,0,49.28046323,0.209717013
s_141,140.298,35.8307,215,0,345.6936482,0.571527255
s_142,139.9655,35.7664,233,0,314.0936025,0.523067701
s_143,141.7193,40.4101,406,0,110.0417572,0.283653691
s_144,140.3073,35.779,257,0,274.7619765,0.469502411
s_145,141.1466,39.4846,249,0,287.4900586,0.486152416
s_146,140.4057,38.6001,438,0,89.8246063,0.260903352
s_147,141.679,39.6,776,0,12.3629869,0.138917357
s_148,139.2573,34.3779,510,0,57.15010516,0.220618432
s_149,140.0206,35.7966,246,0,292.3637865,0.492689878
s_150,140.0781,35.6337,194,0,384.3966471,0.640068747
s_151,139.1044,36.1178,511,0,56.79664388,0.220142704
s_152,140.43,36.8683,776,0,12.3629869,0.138917357
s_153,140.2978,38.0813,641,0,26.03380328,0.171485175
s_154,139.8092,35.6473,153,0,462.905823,0.831484527
s_155,139.7526,35.9745,196,0,380.641443,0.632874996
s_156,140.7323,35.8284,260,0,270.0914357,0.463536032
s_157,140.3436,35.5721,279,0,241.8442884,0.428872596
s_158,139.8913,35.693,260,0,270.0914357,0.463536032
s_159,139.6154,36.5509,776,0,12.3629869,0.138917357
s_160,140.0893,36.2137,776,0,12.3629869,0.138917357
s_161,139.3607,36.2913,179,0,412.8958685,0.699423288
s_162,140.0278,37.896,437,0,90.39551092,0.261561359
s_163,139.2726,35.8637,776,0,12.3629869,0.138917357
s_164,139.4826,35.9033,235,0,310.687767,0.518164128
s_165,140.1836,37.9633,190,0,391.9426552,0.654934186
s_166,139.6969,36.0721,199,0,375.0328208,0.622369123
s_167,141.0923,40.4624,305,0,206.9848747,0.388763699
s_168,140.3902,38.4302,440,0,88.6938291,0.259596767
s_169,139.7037,36.185,231,0,317.521493,0.528060554
s_170,139.1847,36.3143,324,0,184.2582236,0.363716939
s_171,140.099,37.9049,363,0,144.4573544,0.320898013
s_172,141.9465,39.6478,776,0,12.3629869,0.138917357
s_173,141.0929,39.6148,508,0,57.86408347,0.221575796
s_174,140.3805,38.3841,406,0,110.0417572,0.283653691
s_175,138.9129,36.144,776,0,12.3629869,0.138917357
s_176,139.7891,35.6698,151,0,466.7379718,0.843629063
s_177,141.488,40.5127,178,0,414.8122499,0.703754664
s_178,139.6864,35.7111,215,0,345.6936482,0.571527255
s_179,140.3301,35.9521,150,0,468.6513792,0.849829027
s_180,139.4534,36.8817,776,0,12.3629869,0.138917357
s_181,141.0118,39.1979,390,0,121.7957658,0.296504256
s_182,140.5637,35.7086,260,0,270.0914357,0.463536032
s_183,139.0174,36.3181,385,0,125.7154788,0.300750532
s_184,139.7963,35.7002,260,0,270.0914357,0.463536032
s_185,141.652,39.802,776,0,12.3629869,0.138917357
s_186,139.7144,36.7488,421,0,100.0489358,0.272536867
s_187,139.8725,37.2544,641,0,26.03380328,0.171485175
s_188,139.7214,35.8098,141,0,485.7669668,0.909797348
s_189,140.1077,35.6075,194,0,384.3966471,0.640068747
s_190,139.5335,36.2343,230,0,319.2436018,0.530591213
s_191,139.8126,37.4508,377,0,132.2431139,0.307791031
s_192,139.6807,37.0701,641,0,26.03380328,0.171485175
s_193,139.7349,35.929,197,0,378.768594,0.629335669
s_194,140.8271,35.7353,291,0,225.2091976,0.409424714
s_195,139.0713,35.9959,500,0,60.81637035,0.225485793
s_196,139.1955,36.3118,267,0,259.4148854,0.450161883
s_197,139.2916,35.7968,399,0,115.0396507,0.289142544
s_198,140.823,35.7342,291,0,225.2091976,0.409424714
s_199,139.6478,35.9071,231,0,317.521493,0.528060554
s_200,139.0786,36.6581,492,0,63.92902909,0.229529539
s_201,139.8873,36.5677,304,0,208.2445988,0.390173203
s_202,139.4379,36.6348,776,0,12.3629869,0.138917357
s_203,139.6334,35.4372,160,0,449.4514196,0.791487222
s_204,139.819,35.6875,151,0,466.7379718,0.843629063
s_205,140.8299,39.5169,641,0,26.03380328,0.171485175
s_206,139.1521,35.2642,267,0,259.4148854,0.450161883
s_207,138.7527,36.5105,641,0,26.03380328,0.171485175
s_208,139.8633,35.6707,150,0,468.6513792,0.849829027
s_209,141.2901,40.2632,468,0,74.31633293,0.242534318
s_210,139.799,35.6486,153,0,462.905823,0.831484527
s_211,139.8972,35.7136,216,0,343.8960842,0.568612097
s_212,139.9176,35.6948,142,0,483.8762778,0.902739349
s_213,139.6144,36.3869,776,0,12.3629869,0.138917357
s_214,141.5977,39.6442,776,0,12.3629869,0.138917357
s_215,141.1709,40.2611,406,0,110.0417572,0.283653691
s_216,139.4659,35.7966,271,0,253.4546523,0.442845229
s_217,139.4213,34.9413,600,0,33.08965542,0.184442691
s_218,139.9027,35.6556,150,0,468.6513792,0.849829027
s_219,139.265,35.6701,322,0,186.5436836,0.366207267
s_220,140.9465,39.6436,496,0,62.35212884,0.227490529
s_221,139.2191,35.9964,776,0,12.3629869,0.138917357
s_222,139.3621,35.4425,171,0,428.2622247,0.735567301
s_223,141.1915,40.0811,510,0,57.15010516,0.220618432
s_224,139.8364,36.8625,328,0,179.7613742,0.358831989
s_225,140.5014,35.6021,260,0,270.0914357,0.463536032
s_226,139.8029,36.9903,641,0,26.03380328,0.171485175
s_227,139.8393,34.7396,600,0,33.08965542,0.184442691
s_228,140.2583,38.2693,484,0,67.2105867,0.233713899
s_229,139.7061,35.5291,150,0,468.6513792,0.849829027
s_230,141.8885,40.0083,475,0,71.11531205,0.238598534
s_231,139.8994,37.3082,510,0,57.15010516,0.220618432
s_232,139.8086,35.6646,151,0,466.7379718,0.843629063
s_233,139.8119,35.7313,144,0,480.0857566,0.88893225
s_234,141.4501,40.037,641,0,26.03380328,0.171485175
s_235,139.9199,35.3738,176,0,418.6493401,0.712572682
s_236,139.8254,35.7259,144,0,480.0857566,0.88893225
s_237,139.8341,35.6627,150,0,468.6513792,0.849829027
s_238,139.3539,35.404,166,0,437.8926225,0.76001999
s_239,138.9695,36.7821,641,0,26.03380328,0.171485175
s_240,139.6472,37.6005,489,0,65.13935073,0.231081813
s_241,141.3669,40.6803,268,0,257.9151869,0.448311197
s_242,139.4156,35.5782,393,0,119.5015271,0.294010972
s_243,141.3374,40.4492,406,0,110.0417572,0.283653691
s_244,140.2671,38.1484,514,0,55.75018732,0.218727189
s_245,139.8623,35.7401,160,0,449.4514196,0.791487222
s_246,139.7533,37.6078,641,0,26.03380328,0.171485175
s_247,139.2246,36.7719,421,0,100.0489358,0.272536867
s_248,139.3933,36.0542,282,0,237.5975634,0.423847486
s_249,139.0504,36.1509,507,0,58.22463152,0.222057455
s_250,140.2417,35.5458,268,0,257.9151869,0.448311197
s_251,139.8351,35.7002,143,0,481.9824927,0.895785061
s_252,141.4451,40.5794,248,0,289.1086093,0.488313101
s_253,140.0454,35.471,170,0,430.1873642,0.740336936
s_254,139.5028,35.6989,270,0,254.9350597,0.444653034
s_255,141.1427,40.8724,405,0,110.7423341,0.284425607
s_256,141.7643,40.182,390,0,121.7957658,0.296504256
s_257,139.4034,35.6301,407,0,109.3455873,0.282885762
s_258,139.9183,34.5956,600,0,33.08965542,0.184442691
s_259,139.1283,35.6437,641,0,26.03380328,0.171485175
s_260,141.1033,40.8564,239,0,303.9435594,0.508615559
s_261,139.1368,36.3479,332,0,175.3624094,0.354070676
s_262,141.1547,40.5846,407,0,109.3455873,0.282885762
s_263,139.1485,35.9118,776,0,12.3629869,0.138917357
s_264,139.3262,35.5749,449,0,83.78313037,0.253868409
s_265,138.4628,35.4966,641,0,26.03380328,0.171485175
s_266,141.7831,40.2686,332,0,175.3624094,0.354070676
s_267,140.1627,38.6079,641,0,26.03380328,0.171485175
s_268,138.9777,35.6247,641,0,26.03380328,0.171485175
s_269,141.0528,40.1009,441,0,88.13391348,0.258948144
s_270,140.5805,39.8133,447,0,84.84969814,0.25512043
s_271,138.925,36.1164,776,0,12.3629869,0.138917357
s_272,140.8084,40.0622,464,0,76.21266741,0.244839404
s_273,139.3806,37.0159,776,0,12.3629869,0.138917357
s_274,140.4758,39.4545,169,0,432.113091,0.745165913
s_275,140.0734,35.2976,460,0,78.15939996,0.247186642
s_276,138.9691,36.0274,641,0,26.03380328,0.171485175
s_277,140.6116,39.5575,338,0,168.945055,0.347150604
s_278,140.2742,38.3902,340,0,166.8536411,0.344900927
s_279,139.3888,36.1478,300,0,213.3479186,0.395910031
s_280,139.1938,36.2431,315,0,194.7393111,0.375185373
s_281,140.3484,38.2608,354,0,152.8654793,0.329900166
s_282,139.2104,36.6998,641,0,26.03380328,0.171485175
s_283,139.5391,35.4541,263,0,265.4776271,0.457712627
s_284,141.712,40.0861,776,0,12.3629869,0.138917357
s_285,139.6223,35.1442,262,0,267.0092312,0.45963819
s_286,140.3866,35.2998,199,0,375.0328208,0.622369123
s_287,141.2813,40.4126,452,0,82.20911447,0.252012204
s_288,139.2626,36.0563,403,0,112.156802,0.285981518
s_289,141.2083,40.615,323,0,185.3978541,0.364958051
s_290,139.4704,35.6539,319,0,190.0185177,0.370004321
s_291,139.8555,35.3033,279,0,241.8442884,0.428872596
s_292,140.7794,39.3183,531,0,50.19718908,0.211023084
s_293,138.921,36.2862,382,0,128.1259343,0.303354403
s_294,139.9924,38.3854,481,0,68.4865183,0.235320767
s_295,138.4765,35.0409,174,0,422.4914799,0.721603875
s_296,139.9916,38.386,481,0,68.4865183,0.235320767
s_297,141.5709,40.2705,776,0,12.3629869,0.138917357
s_298,139.3504,35.3355,260,0,270.0914357,0.463536032
s_299,139.3219,36.4931,776,0,12.3629869,0.138917357
s_300,139.8554,35.3445,187,0,397.6304876,0.666522291
s_301,138.9349,35.3091,283,0,236.1950117,0.422197324
s_302,140.9403,40.4472,166,0,437.8926225,0.76001999
s_303,140.3121,38.7897,389,0,122.5700472,0.297344334
s_304,139.1275,35.7017,776,0,12.3629869,0.138917357
s_305,140.1249,38.4257,518,0,54.38684367,0.216866631
s_306,139.3843,35.899,262,0,267.0092312,0.45963819
s_307,139.6435,34.7983,600,0,33.08965542,0.184442691
s_308,139.0101,36.4619,294,0,221.1969847,0.404823178
s_309,138.7266,35.7025,481,0,68.4865183,0.235320767
s_310,139.836,35.1106,208,0,358.4013521,0.592759241
s_311,139.4771,37.6863,460,0,78.15939996,0.247186642
s_312,140.6513,38.8587,641,0,26.03380328,0.171485175
s_313,139.0828,35.3609,641,0,26.03380328,0.171485175
s_314,140.7161,39.1464,641,0,26.03380328,0.171485175
s_315,138.6015,35.2129,332,0,175.3624094,0.354070676
s_316,140.2892,35.4294,260,0,270.0914357,0.463536032
s_317,139.4648,37.6708,451,0,82.73036924,0.252628056
s_318,140.1006,35.1132,401,0,113.5891783,0.287553746
s_319,141.0145,40.2962,641,0,26.03380328,0.171485175
s_320,139.8821,37.7317,641,0,26.03380328,0.171485175
s_321,140.3481,39.545,173,0,424.4141688,0.726201803
s_322,139.8607,37.6537,365,0,142.6489832,0.318960859
s_323,140.4952,38.9801,641,0,26.03380328,0.171485175
s_324,138.5679,35.6551,373,0,135.6283245,0.311430394
s_325,139.5353,35.8028,242,0,298.9456253,0.501671692
s_326,139.103,34.9653,346,0,160.720353,0.33831579
s_327,140.7178,39.7014,447,0,84.84969814,0.25512043
s_328,140.0519,39.3844,196,0,380.641443,0.632874996
s_329,141.8641,42.6486,158,0,453.3006379,0.802535068
s_330,137.5175,36.2493,776,0,12.3629869,0.138917357
s_331,140.1553,38.1035,468,0,74.31633293,0.242534318
s_332,139.5368,37.2664,479,0,69.35126507,0.236403767
s_333,140.2404,35.3858,373,0,135.6283245,0.311430394
s_334,138.5244,36.4917,311,0,199.561107,0.380506587
s_335,140.5721,39.6634,413,0,105.2598085,0.27836022
s_336,140.2965,38.7686,372,0,136.4875254,0.312353092
s_337,140.919,40.7004,452,0,82.20911447,0.252012204
s_338,140.3869,39.3548,445,0,85.93023914,0.256384282
s_339,139.5199,37.1723,641,0,26.03380328,0.171485175
s_340,139.0993,36.0715,504,0,59.32069917,0.223514487
s_341,140.471,39.1913,330,0,177.549724,0.356436169
s_342,139.0544,34.8158,510,0,57.15010516,0.220618432
s_343,140.043,38.1087,360,0,147.2105543,0.323846176
s_344,138.9128,34.9756,510,0,57.15010516,0.220618432
s_345,140.5573,39.595,181,0,409.0679629,0.690911369
s_346,139.5711,34.8931,600,0,33.08965542,0.184442691
s_347,138.801,35.9954,776,0,12.3629869,0.138917357
s_348,139.7596,38.0631,402,0,112.8707398,0.286765577
s_349,140.9529,40.1391,641,0,26.03380328,0.171485175
s_350,138.9473,35.6133,641,0,26.03380328,0.171485175
s_351,138.4839,36.0956,573,0,38.87798626,0.19404289
s_352,141.5492,39.9398,776,0,12.3629869,0.138917357
s_353,139.4901,35.3385,274,0,249.0521697,0.437504988
s_354,141.2554,41.0844,247,0,290.7331946,0.490492178
s_355,141.1972,41.2949,224,0,329.6876627,0.546274354
s_356,140.6669,39.7739,776,0,12.3629869,0.138917357
s_357,140.7873,40.2153,389,0,122.5700472,0.297344334
s_358,140.9979,41.1976,281,0,239.0066285,0.425509993
s_359,138.3052,35.9157,318,0,191.1892933,0.371286743
s_360,139.3147,37.3421,529,0,50.81852615,0.21190245
s_361,138.4797,35.9696,296,0,218.5546827,0.401809928
s_362,138.1114,36.0451,600,0,33.08965542,0.184442691
s_363,141.3738,40.9664,194,0,384.3966471,0.640068747
s_364,140.4072,39.9819,641,0,26.03380328,0.171485175
s_365,140.5664,40.2676,425,0,97.54169986,0.269711539
s_366,139.9649,35.1384,641,0,26.03380328,0.171485175
s_367,137.5174,36.2493,776,0,12.3629869,0.138917357
s_368,140.5621,39.2978,434,0,92.13054852,0.263554507
s_369,139.126,35.3663,641,0,26.03380328,0.171485175
s_370,140.6399,41.0473,253,0,281.0767321,0.477689081
s_371,139.8123,38.9142,260,0,270.0914357,0.463536032
s_372,139.1554,35.6151,641,0,26.03380328,0.171485175
s_373,139.1454,35.7306,776,0,12.3629869,0.138917357
s_374,139.2044,35.3793,318,0,191.1892933,0.371286743
s_375,139.0953,35.8031,776,0,12.3629869,0.138917357
s_376,138.9198,35.7895,776,0,12.3629869,0.138917357
s_377,139.3909,34.7851,510,0,57.15010516,0.220618432
s_378,139.8816,37.9193,641,0,26.03380328,0.171485175
s_379,139.3648,37.5438,524,0,52.40832457,0.214131742
s_380,138.2229,35.9133,292,0,223.8652868,0.407879827
s_381,140.579,39.8147,641,0,26.03380328,0.171485175
s_382,139.3216,35.8403,440,0,88.6938291,0.259596767
s_383,140.0055,38.6357,454,0,81.17675379,0.250789055
s_384,138.5921,36.6171,314,0,195.9352588,0.37650232
s_385,139.0627,36.862,332,0,175.3624094,0.354070676
s_386,141.373,40.9658,194,0,384.3966471,0.640068747
s_387,140.995,40.58,510,0,57.15010516,0.220618432
s_388,138.5845,35.9735,400,0,114.3121407,0.288346058
s_389,141.1408,41.8349,406,0,110.0417572,0.283653691
s_390,139.0798,35.1425,510,0,57.15010516,0.220618432
s_391,139.1457,37.8012,152,0,464.8227409,0.837514808
s_392,138.4182,35.7919,296,0,218.5546827,0.401809928
s_393,141.0046,41.716,641,0,26.03380328,0.171485175
s_394,140.0333,38.9701,322,0,186.5436836,0.366207267
s_395,141.1691,41.4053,204,0,365.755052,0.605580224
s_396,139.0855,34.9467,510,0,57.15010516,0.220618432
s_397,140.3204,35.152,400,0,114.3121407,0.288346058
s_398,138.7179,36.35,641,0,26.03380328,0.171485175
s_399,139.5461,35.3191,285,0,233.4094561,0.418933503
s_400,140.1529,35.2867,477,0,70.22748096,0.237496315
s_401,138.8129,35.4651,641,0,26.03380328,0.171485175
s_402,138.7578,36.2286,776,0,12.3629869,0.138917357
s_403,140.7498,40.8194,260,0,270.0914357,0.463536032
s_404,140.3209,39.6071,463,0,76.69457695,0.245422218
s_405,140.2221,39.9155,641,0,26.03380328,0.171485175
s_406,140.1283,39.2223,641,0,26.03380328,0.171485175
s_407,140.449,39.039,424,0,98.16249614,0.270412619
s_408,139.8023,38.726,166,0,437.8926225,0.76001999
s_409,143.659,42.8088,282,0,237.5975634,0.423847486
s_410,138.6045,35.5323,641,0,26.03380328,0.171485175
s_411,138.5176,36.5134,406,0,110.0417572,0.283653691
s_412,140.9161,40.9923,513,0,56.09670021,0.219197094
s_413,143.8579,42.8542,364,0,143.5504743,0.319926639
s_414,138.449,35.5623,379,0,130.581138,0.306001615
s_415,139.6582,35.2731,404,0,111.4473412,0.285201539
s_416,140.2655,35.1806,460,0,78.15939996,0.247186642
s_417,140.8219,41.1457,641,0,26.03380328,0.171485175
s_418,139.3755,37.0103,776,0,12.3629869,0.138917357
s_419,139.3144,37.3491,641,0,26.03380328,0.171485175
s_420,140.0286,40.202,194,0,384.3966471,0.640068747
s_421,139.0676,37.6527,294,0,221.1969847,0.404823178
s_422,139.2146,35.4628,641,0,26.03380328,0.171485175
s_423,138.9553,37.6412,160,0,449.4514196,0.791487222
s_424,138.8657,35.096,234,0,312.3879069,0.520604903
s_425,138.1848,35.9465,528,0,51.13229169,0.212344759
s_426,138.4243,35.1304,641,0,26.03380328,0.171485175
s_427,142.3572,42.3498,482,0,68.05840058,0.234782808
s_428,139.5486,38.2799,326,0,181.9974965,0.361258715
s_429,140.0998,39.7223,159,0,451.3764088,0.796974631
s_430,140.447,40.8152,181,0,409.0679629,0.690911369
s_431,139.4863,38.2306,776,0,12.3629869,0.138917357
s_432,143.5203,42.8114,161,0,447.5257986,0.786071432
s_433,139.5428,38.1313,355,0,151.9090923,0.328876229
s_434,140.1899,39.1937,484,0,67.2105867,0.233713899
s_435,139.9088,39.2027,174,0,422.4914799,0.721603875
s_436,138.7849,36.8114,641,0,26.03380328,0.171485175
s_437,137.8201,36.3824,776,0,12.3629869,0.138917357
s_438,140.6759,40.8524,193,0,386.2788308,0.643724404
s_439,138.9675,35.5115,641,0,26.03380328,0.171485175
s_440,139.611,35.2624,433,0,92.71640818,0.264225341
s_441,137.4854,36.0378,776,0,12.3629869,0.138917357
s_442,139.9458,34.9705,376,0,133.0817242,0.308693243
s_443,143.2137,42.9311,311,0,199.561107,0.380506587
s_444,140.0706,39.884,208,0,358.4013521,0.592759241
s_445,142.9354,42.131,471,0,72.92641126,0.240832497
s_446,140.4317,40.9664,203,0,367.603244,0.608868484
s_447,139.0107,37.9144,600,0,33.08965542,0.184442691
s_448,145.1307,43.6619,260,0,270.0914357,0.463536032
s_449,143.279,42.4985,437,0,90.39551092,0.261561359
s_450,138.6069,35.4685,641,0,26.03380328,0.171485175
s_451,141.9284,42.5748,161,0,447.5257986,0.786071432
s_452,140.4982,40.6021,298,0,215.9383426,0.398839172
s_453,139.6922,36.9853,776,0,12.3629869,0.138917357
s_454,138.4651,35.279,641,0,26.03380328,0.171485175
s_455,140.4075,39.6884,641,0,26.03380328,0.171485175
s_456,137.9236,35.8315,378,0,131.409593,0.306893836
s_457,139.4086,38.0514,296,0,218.5546827,0.401809928
s_458,138.2234,37.161,208,0,358.4013521,0.592759241
s_459,138.9068,36.6212,641,0,26.03380328,0.171485175
s_460,139.2788,37.9759,168,0,434.0392885,0.750055327
s_461,140.7429,40.328,410,0,107.2832857,0.28060559
s_462,137.2513,36.1537,400,0,114.3121407,0.288346058
s_463,140.3398,35.1714,440,0,88.6938291,0.259596767
s_464,138.7841,34.755,641,0,26.03380328,0.171485175
s_465,138.2247,34.7389,397,0,116.5084073,0.29074817
s_466,139.8994,34.9078,438,0,89.8246063,0.260903352
s_467,139.5252,37.4548,641,0,26.03380328,0.171485175
s_468,138.4349,36.3282,313,0,197.1375325,0.377828112
s_469,138.312,34.8564,266,0,260.9209915,0.452027196
s_470,140.9896,41.234,294,0,221.1969847,0.404823178
s_471,140.8395,40.4563,600,0,33.08965542,0.184442691
s_472,140.2631,40.2784,463,0,76.69457695,0.245422218
s_473,137.4706,35.4571,532,0,49.88959009,0.210586007
s_474,138.883,37.7634,158,0,453.3006379,0.802535068
s_475,138.9129,35.1972,326,0,181.9974965,0.361258715
s_476,139.3377,37.951,274,0,249.0521697,0.437504988
s_477,140.8132,41.328,776,0,12.3629869,0.138917357
s_478,137.8382,35.5232,370,0,138.2215674,0.314214215
s_479,143.4485,42.9283,391,0,121.0262677,0.295668693
s_480,139.0436,35.4173,641,0,26.03380328,0.171485175
s_481,141.6523,43.2204,199,0,375.0328208,0.622369123
s_482,138.8856,37.4257,429,0,95.09800031,0.266941559
s_483,140.3499,40.6199,307,0,204.4846915,0.385973634
s_484,137.7346,35.4786,776,0,12.3629869,0.138917357
s_485,140.5812,40.3002,436,0,90.97012169,0.262222538
s_486,139.8017,37.9883,641,0,26.03380328,0.171485175
s_487,140.3185,39.0718,641,0,26.03380328,0.171485175
s_488,138.3087,35.5351,641,0,26.03380328,0.171485175
s_489,140.7383,41.77,260,0,270.0914357,0.463536032
s_490,140.0207,38.7906,435,0,91.5484603,0.262886913
s_491,138.8876,37.4272,337,0,169.9996594,0.348285968
s_492,140.4596,40.2755,459,0,78.65410478,0.247780171
s_493,141.6008,42.7898,282,0,237.5975634,0.423847486
s_494,142.1344,42.7609,641,0,26.03380328,0.171485175
s_495,137.8797,35.6152,776,0,12.3629869,0.138917357
s_496,138.9779,35.0854,326,0,181.9974965,0.361258715
s_497,140.2726,40.5488,641,0,26.03380328,0.171485175
s_498,138.8461,37.0366,365,0,142.6489832,0.318960859
s_499,141.6399,42.888,228,0,322.7039231,0.53572255
s_500,144.0844,43.4361,398,0,115.7717317,0.289943237
s_501,144.7704,43.4108,283,0,236.1950117,0.422197324
s_502,137.9548,35.8278,434,0,92.13054852,0.263554507
s_503,138.6222,35.1257,326,0,181.9974965,0.361258715
s_504,142.7673,42.1678,293,0,222.5278837,0.40634602
s_505,137.3438,36.094,776,0,12.3629869,0.138917357
s_506,141.8219,42.7656,292,0,223.8652868,0.407879827
s_507,140.4035,39.994,395,0,117.9956366,0.29237089
s_508,141.0017,42.4116,325,0,183.1247763,0.362483852
s_509,137.9336,35.7293,373,0,135.6283245,0.311430394
s_510,139.1279,37.5386,641,0,26.03380328,0.171485175
s_511,140.0813,40.046,331,0,176.4530334,0.355249667
s_512,139.8467,39.8869,253,0,281.0767321,0.477689081
s_513,138.7468,37.1281,443,0,87.02492123,0.25766013
s_514,143.0603,42.892,278,0,243.2728762,0.430572971
s_515,145.1168,43.2084,212,0,351.1135883,0.58044625
s_516,138.5659,35.2028,492,0,63.92902909,0.229529539
s_517,140.3121,40.7618,274,0,249.0521697,0.437504988
s_518,137.595,35.9324,776,0,12.3629869,0.138917357
s_519,139.715,37.7565,776,0,12.3629869,0.138917357
s_520,137.6126,35.6053,556,0,43.0855992,0.200591122
s_521,143.152,42.4865,366,0,141.7528585,0.318000624
s_522,145.284,43.3852,134,0,498.9027334,0.962309206
s_523,143.9841,42.9856,323,0,185.3978541,0.364958051
s_524,141.6057,42.6347,260,0,270.0914357,0.463536032
s_525,142.2973,42.7275,489,0,65.13935073,0.231081813
s_526,140.0997,35.0882,208,0,358.4013521,0.592759241
s_527,144.3824,42.9845,260,0,270.0914357,0.463536032
s_528,145.1224,43.3978,256,0,276.3313452,0.471523874
s_529,138.5653,35.7421,641,0,26.03380328,0.171485175
s_530,138.5583,37.3727,194,0,384.3966471,0.640068747
s_531,138.5504,36.1425,641,0,26.03380328,0.171485175
s_532,145.8026,43.368,244,0,295.6428728,0.497142097
s_533,139.441,34.6867,323,0,185.3978541,0.364958051
s_534,144.0855,43.4369,398,0,115.7717317,0.289943237
s_535,139.1379,34.9522,510,0,57.15010516,0.220618432
s_536,141.0318,42.3484,168,0,434.0392885,0.750055327
s_537,139.1884,37.6938,362,0,145.3696461,0.321875028
s_538,140.2341,40.3188,641,0,26.03380328,0.171485175
s_539,144.0698,42.9581,166,0,437.8926225,0.76001999
s_540,137.8767,35.5143,435,0,91.5484603,0.262886913
s_541,140.6306,40.4738,406,0,110.0417572,0.283653691
s_542,145.5209,43.1948,280,0,240.4222046,0.427184984
s_543,144.6279,43.3848,297,0,217.2432701,0.400319293
s_544,138.3231,37.9977,189,0,393.8360546,0.658753932
s_545,136.7402,35.1734,166,0,437.8926225,0.76001999
s_546,137.6105,35.6056,776,0,12.3629869,0.138917357
s_547,142.9164,42.133,299,0,214.6398942,0.397369453
s_548,144.8021,43.39,289,0,227.9165538,0.412548209
s_549,144.3274,43.1359,284,0,234.7989755,0.420559374
s_550,143.312,42.2864,398,0,115.7717317,0.289943237
s_551,141.8063,43.0587,176,0,418.6493401,0.712572682
s_552,144.4485,43.5077,510,0,57.15010516,0.220618432
s_553,138.3741,34.9649,298,0,215.9383426,0.398839172
s_554,140.4805,41.1797,370,0,138.2215674,0.314214215
s_555,138.744,37.1728,497,0,61.96437375,0.226986165
s_556,138.9621,37.2348,374,0,134.7743062,0.310512883
s_557,144.4976,43.1488,152,0,464.8227409,0.837514808
s_558,145.2604,43.2326,259,0,271.6420026,0.465508686
s_559,137.3019,36.3326,776,0,12.3629869,0.138917357
s_560,139.4963,38.4514,776,0,12.3629869,0.138917357
s_561,142.3688,42.3414,261,0,268.5471728,0.461579263
s_562,140.4334,41.6795,404,0,111.4473412,0.285201539
s_563,139.4789,34.0757,458,0,79.1520579,0.248376425
s_564,142.0538,42.4826,322,0,186.5436836,0.366207267
s_565,144.9665,43.5508,257,0,274.7619765,0.469502411
s_566,140.2968,40.5764,480,0,68.91746712,0.235861081
s_567,140.3107,41.128,251,0,284.2711688,0.48188531
s_568,140.4207,41.5977,158,0,453.3006379,0.802535068
s_569,139.7606,38.4704,468,0,74.31633293,0.242534318
s_570,141.8191,42.8739,293,0,222.5278837,0.40634602
s_571,140.6646,40.6091,510,0,57.15010516,0.220618432
s_572,144.123,43.1142,321,0,187.6957274,0.367464664
s_573,138.8121,37.3043,419,0,101.3268307,0.273970798
s_574,138.7724,34.7988,641,0,26.03380328,0.171485175
s_575,144.123,43.1141,321,0,187.6957274,0.367464664
s_576,143.1357,42.6977,335,0,172.1267581,0.350578074
s_577,137.8514,36.5084,409,0,107.9663748,0.281361741
s_578,138.2491,36.4022,488,0,65.54814835,0.231603695
s_579,137.0474,35.1842,373,0,135.6283245,0.311430394
s_580,138.2594,36.9425,286,0,232.0264542,0.417319578
s_581,144.9726,43.555,286,0,232.0264542,0.417319578
s_582,140.206,40.7776,223,0,331.4464559,0.548974497
s_583,143.421,42.6181,344,0,162.7414488,0.340484013
s_584,141.5462,43.1161,150,0,468.6513792,0.849829027
s_585,141.9343,43.8005,176,0,418.6493401,0.712572682
s_586,144.6804,43.2139,407,0,109.3455873,0.282885762
s_587,138.3657,36.8513,193,0,386.2788308,0.643724404
s_588,141.3513,43.1391,147,0,474.3792794,0.868961281
s_589,143.241,43.1692,338,0,168.945055,0.347150604
s_590,138.3321,35.4319,641,0,26.03380328,0.171485175
s_591,138.0824,35.7946,444,0,86.47580201,0.257020696
s_592,138.4203,35.3509,641,0,26.03380328,0.171485175
s_593,138.8425,37.441,216,0,343.8960842,0.568612097
s_594,142.8392,43.0736,410,0,107.2832857,0.28060559
s_595,137.3716,36.3779,433,0,92.71640818,0.264225341
s_596,143.6181,43.1211,443,0,87.02492123,0.25766013
s_597,140.8864,42.5533,488,0,65.54814835,0.231603695
s_598,141.8204,42.8743,293,0,222.5278837,0.40634602
s_599,138.3325,35.4327,641,0,26.03380328,0.171485175
s_600,142.5643,42.2528,428,0,95.70304708,0.267628953
s_601,144.8498,43.0509,260,0,270.0914357,0.463536032
s_602,143.6183,43.1213,443,0,87.02492123,0.25766013
s_603,140.6331,41.8374,169,0,432.113091,0.745165913
s_604,138.4442,37.1274,483,0,67.633096,0.23424719
s_605,138.773,37.6458,447,0,84.84969814,0.25512043
s_606,137.8567,35.2807,776,0,12.3629869,0.138917357
s_607,145.1168,43.3941,268,0,257.9151869,0.448311197
s_608,137.6849,36.064,776,0,12.3629869,0.138917357
s_609,137.2877,37.4473,208,0,358.4013521,0.592759241
s_610,138.2069,36.8068,269,0,256.421908,0.446474969
s_611,136.9082,34.7784,367,0,140.8620774,0.317045889
s_612,141.4477,41.4064,238,0,305.6210814,0.510971081
s_613,140.5565,40.4841,429,0,95.09800031,0.266941559
s_614,137.4998,35.4955,444,0,86.47580201,0.257020696
s_615,140.3678,41.9351,494,0,63.13536945,0.228505696
s_616,138.1474,36.4663,554,0,43.61231931,0.201389289
s_617,137.9796,36.2571,409,0,107.9663748,0.281361741
s_618,138.0058,35.4489,776,0,12.3629869,0.138917357
s_619,138.1188,36.5344,226,0,326.1854057,0.540949382
s_620,137.2208,36.1338,486,0,66.37388299,0.232654234
s_621,137.1057,34.7884,641,0,26.03380328,0.171485175
s_622,138.3836,35.6384,641,0,26.03380328,0.171485175
s_623,139.261,37.6658,776,0,12.3629869,0.138917357
s_624,140.9127,41.5273,370,0,138.2215674,0.314214215
s_625,137.9637,36.4598,641,0,26.03380328,0.171485175
s_626,145.6003,43.3327,266,0,260.9209915,0.452027196
s_627,136.8509,35.2177,150,0,468.6513792,0.849829027
s_628,144.4285,43.22,263,0,265.4776271,0.457712627
s_629,135.3896,34.6628,600,0,33.08965542,0.184442691
s_630,144.1913,43.9144,268,0,257.9151869,0.448311197
s_631,137.5318,34.7189,187,0,397.6304876,0.666522291
s_632,138.6546,37.0134,425,0,97.54169986,0.269711539
s_633,142.3521,42.5934,426,0,96.92487452,0.269013918
s_634,138.4407,38.0748,224,0,329.6876627,0.546274354
s_635,141.3043,43.172,260,0,270.0914357,0.463536032
s_636,137.4236,34.976,490,0,64.73324312,0.230562169
s_637,141.5526,42.9923,267,0,259.4148854,0.450161883
s_638,139.7986,33.1195,293,0,222.5278837,0.40634602
s_639,137.7173,35.787,776,0,12.3629869,0.138917357
s_640,138.3526,35.0146,641,0,26.03380328,0.171485175
s_641,137.8259,35.9749,776,0,12.3629869,0.138917357
s_642,138.9821,37.2239,456,0,80.15778894,0.249577179
s_643,138.8521,37.0303,365,0,142.6489832,0.318960859
s_644,143.2403,41.937,359,0,148.1392156,0.324840407
s_645,140.8657,42.4727,306,0,205.7315754,0.387363875
s_646,143.5544,43.2436,394,0,118.7462374,0.293188743
s_647,143.3049,43.3191,511,0,56.79664388,0.220142704
s_648,141.7754,43.1968,173,0,424.4141688,0.726201803
s_649,136.6356,34.9708,187,0,397.6304876,0.666522291
s_650,138.0338,35.5775,776,0,12.3629869,0.138917357
s_651,141.5175,43.2236,211,0,352.9291061,0.583478507
s_652,142.4054,42.7061,641,0,26.03380328,0.171485175
s_653,144.3251,43.2329,240,0,302.2717858,0.506280663
s_654,138.341,35.2433,502,0,60.06358887,0.224496013
s_655,138.3966,37.0544,641,0,26.03380328,0.171485175
s_656,141.9175,43.5524,302,0,210.7833575,0.393021653
s_657,137.7199,34.7104,304,0,208.2445988,0.390173203
s_658,138.1286,34.6375,194,0,384.3966471,0.640068747
s_659,141.7903,42.9986,174,0,422.4914799,0.721603875
s_660,137.785,36.1827,776,0,12.3629869,0.138917357
s_661,137.8201,36.5327,641,0,26.03380328,0.171485175
s_662,137.7441,34.6683,238,0,305.6210814,0.510971081
s_663,137.4253,35.6582,492,0,63.92902909,0.229529539
s_664,138.1332,35.0978,776,0,12.3629869,0.138917357
s_665,144.2338,43.2556,406,0,110.0417572,0.283653691
s_666,140.2469,41.4859,249,0,287.4900586,0.486152416
s_667,141.4016,42.7756,641,0,26.03380328,0.171485175
s_668,136.2642,35.3773,333,0,174.2778341,0.352899126
s_669,141.3497,42.5629,406,0,110.0417572,0.283653691
s_670,137.1466,35.0813,296,0,218.5546827,0.401809928
s_671,144.5998,43.3034,269,0,256.421908,0.446474969
s_672,141.909,43.5138,184,0,403.3397996,0.678507867
s_673,141.3502,42.5626,406,0,110.0417572,0.283653691
s_674,138.0479,36.577,641,0,26.03380328,0.171485175
s_675,137.8167,34.8736,442,0,87.57761797,0.258302606
s_676,140.767,42.9059,318,0,191.1892933,0.371286743
s_677,143.4514,43.7419,434,0,92.13054852,0.263554507
s_678,137.3906,36.0216,776,0,12.3629869,0.138917357
s_679,142.2296,42.7031,487,0,65.9596533,0.232127831
s_680,135.8353,34.6682,447,0,84.84969814,0.25512043
s_681,141.0643,42.6476,406,0,110.0417572,0.283653691
s_682,137.3902,34.6643,328,0,179.7613742,0.358831989
s_683,143.4317,43.2708,425,0,97.54169986,0.269711539
s_684,141.8553,43.3332,299,0,214.6398942,0.397369453
s_685,138.0964,36.7075,320,0,188.8540005,0.368730322
s_686,138.2584,36.2718,500,0,60.81637035,0.225485793
s_687,144.4619,43.8569,285,0,233.4094561,0.418933503
s_688,137.5298,35.8129,510,0,57.15010516,0.220618432
s_689,136.7505,35.2974,191,0,390.0519242,0.651156467
s_690,136.975,36.8659,208,0,358.4013521,0.592759241
s_691,144.4574,43.8566,285,0,233.4094561,0.418933503
s_692,141.0809,42.4206,263,0,265.4776271,0.457712627
s_693,140.6878,42.8076,327,0,180.8763679,0.360041452
s_694,142.0527,43.7241,173,0,424.4141688,0.726201803
s_695,137.3851,36.578,641,0,26.03380328,0.171485175
s_696,137.535,35.1543,776,0,12.3629869,0.138917357
s_697,140.3539,42.4948,164,0,441.7464091,0.770240247
s_698,136.8641,34.9966,239,0,303.9435594,0.508615559
s_699,138.4408,36.9102,324,0,184.2582236,0.363716939
s_700,138.7948,34.9111,641,0,26.03380328,0.171485175
s_701,138.8193,34.6471,641,0,26.03380328,0.171485175
s_702,144.1835,43.7228,357,0,150.0130635,0.326846437
s_703,140.9246,41.5269,395,0,117.9956366,0.29237089
s_704,143.683,43.4683,483,0,67.633096,0.23424719
s_705,137.1403,36.5853,430,0,94.49683517,0.266257525
s_706,138.1941,36.6475,391,0,121.0262677,0.295668693
s_707,137.404,34.7552,328,0,179.7613742,0.358831989
s_708,145.1296,43.0767,260,0,270.0914357,0.463536032
s_709,140.9698,41.9053,208,0,358.4013521,0.592759241
s_710,138.9468,34.9771,361,0,146.2873719,0.322857732
s_711,137.9898,36.2578,400,0,114.3121407,0.288346058
s_712,140.696,41.8996,641,0,26.03380328,0.171485175
s_713,136.9738,35.0631,355,0,151.9090923,0.328876229
s_714,142.883,42.8742,400,0,114.3121407,0.288346058
s_715,142.6562,43.0406,641,0,26.03380328,0.171485175
s_716,138.9951,37.0533,776,0,12.3629869,0.138917357
s_717,137.2166,35.3879,421,0,100.0489358,0.272536867
s_718,140.8202,43.0841,357,0,150.0130635,0.326846437
s_719,143.9008,43.7996,414,0,104.5938356,0.277619362
s_720,137.8127,35.0918,776,0,12.3629869,0.138917357
s_721,143.8936,43.1603,514,0,55.75018732,0.218727189
s_722,140.8084,42.763,290,0,226.5596191,0.410980802
s_723,145.2478,44.106,466,0,75.2582782,0.243681662
s_724,137.5089,35.2158,776,0,12.3629869,0.138917357
s_725,135.8694,35.5587,208,0,358.4013521,0.592759241
s_726,142.131,42.5886,448,0,84.31467804,0.254492951
s_727,142.4992,42.4194,776,0,12.3629869,0.138917357
s_728,140.0233,40.7451,414,0,104.5938356,0.277619362
s_729,141.5279,43.8516,386,0,124.9218278,0.299892026
s_730,141.6633,43.3442,448,0,84.31467804,0.254492951
s_731,141.9397,43.8203,395,0,117.9956366,0.29237089
s_732,137.9268,35.2986,641,0,26.03380328,0.171485175
s_733,145.1886,44.0202,352,0,154.7951066,0.331966388
s_734,138.2506,37.0224,331,0,176.4530334,0.355249667
s_735,143.6202,44.2146,154,0,460.9873538,0.825536527
s_736,142.9176,43.1739,370,0,138.2215674,0.314214215
s_737,136.7784,36.8937,189,0,393.8360546,0.658753932
s_738,141.5836,43.4087,379,0,130.581138,0.306001615
s_739,141.079,42.6713,406,0,110.0417572,0.283653691
s_740,136.5069,35.0283,386,0,124.9218278,0.299892026
s_741,140.8199,43.0842,357,0,150.0130635,0.326846437
s_742,137.2531,35.7991,400,0,114.3121407,0.288346058
s_743,137.9989,34.7705,299,0,214.6398942,0.397369453
s_744,136.0957,35.1339,250,0,285.8775696,0.484009893
s_745,137.2484,35.8005,400,0,114.3121407,0.288346058
s_746,140.5636,42.0965,268,0,257.9151869,0.448311197
s_747,138.7934,34.7809,641,0,26.03380328,0.171485175
s_748,139.5889,38.6208,641,0,26.03380328,0.171485175
s_749,142.3845,43.3421,267,0,259.4148854,0.450161883
s_750,142.0776,43.6948,462,0,77.17965579,0.246007683
s_751,137.2123,36.6687,285,0,233.4094561,0.418933503
s_752,135.0268,35.6814,260,0,270.0914357,0.463536032
s_753,137.9389,36.1184,464,0,76.21266741,0.244839404
s_754,137.708,35.8561,776,0,12.3629869,0.138917357
s_755,139.9295,40.6388,412,0,105.9300257,0.279104858
s_756,138.2008,34.9142,641,0,26.03380328,0.171485175
s_757,144.1087,43.8244,375,0,133.9254472,0.309600513
s_758,140.8567,41.4049,641,0,26.03380328,0.171485175
s_759,137.0261,36.2734,776,0,12.3629869,0.138917357
s_760,142.3994,42.9806,522,0,53.05912052,0.21503603
s_761,142.1285,42.8714,776,0,12.3629869,0.138917357
s_762,137.7669,35.9632,776,0,12.3629869,0.138917357
s_763,137.3869,35.3015,430,0,94.49683517,0.266257525
s_764,135.471,34.5894,161,0,447.5257986,0.786071432
s_765,137.0803,36.7824,218,0,340.3149489,0.562866074
s_766,140.8064,42.0438,263,0,265.4776271,0.457712627
s_767,138.0966,36.8569,352,0,154.7951066,0.331966388
s_768,143.6155,44.2199,154,0,460.9873538,0.825536527
s_769,136.2946,35.0704,460,0,78.15939996,0.247186642
s_770,137.7268,35.184,776,0,12.3629869,0.138917357
s_771,137.6261,35.3095,776,0,12.3629869,0.138917357
s_772,143.8916,43.1502,414,0,104.5938356,0.277619362
s_773,144.3901,43.6427,600,0,33.08965542,0.184442691
s_774,138.4318,38.257,745,0,14.57816891,0.14530077
s_775,138.97,34.7832,641,0,26.03380328,0.171485175
s_776,136.2414,35.2499,177,0,416.7301094,0.708137493
s_777,144.6657,43.9136,229,0,320.9710938,0.533145106
s_778,136.8732,35.9514,776,0,12.3629869,0.138917357
s_779,142.4481,42.8778,514,0,55.75018732,0.218727189
s_780,136.9996,35.4426,429,0,95.09800031,0.266941559
s_781,143.8983,43.3822,641,0,26.03380328,0.171485175
s_782,136.8764,35.4121,322,0,186.5436836,0.366207267
s_783,143.6072,43.7849,425,0,97.54169986,0.269711539
s_784,137.4042,35.4492,442,0,87.57761797,0.258302606
s_785,136.9041,37.2309,399,0,115.0396507,0.289142544
s_786,137.8718,36.3371,399,0,115.0396507,0.289142544
s_787,135.6396,34.7407,384,0,126.5140312,0.301613738
s_788,138.2788,37.82,428,0,95.70304708,0.267628953
s_789,137.0446,34.9119,305,0,206.9848747,0.388763699
s_790,138.834,34.6749,641,0,26.03380328,0.171485175
s_791,137.2826,36.6085,349,0,157.732003,0.335112408
s_792,136.2279,36.0444,162,0,445.5996728,0.780725892
s_793,142.5662,43.1666,458,0,79.1520579,0.248376425
s_794,135.5199,34.7159,260,0,270.0914357,0.463536032
s_795,137.5604,34.6913,357,0,150.0130635,0.326846437
s_796,135.4684,34.7668,316,0,193.5496764,0.373877184
s_797,136.5039,34.7178,163,0,443.673168,0.775449265
s_798,137.0419,34.6158,260,0,270.0914357,0.463536032
s_799,143.0861,43.8494,330,0,177.549724,0.356436169
s_800,137.4393,34.7853,641,0,26.03380328,0.171485175
s_801,139.4515,42.0662,376,0,133.0817242,0.308693243
s_802,145.0246,43.785,288,0,229.2800037,0.414127058
s_803,137.9181,35.2233,776,0,12.3629869,0.138917357
s_804,137.2604,35.9517,514,0,55.75018732,0.218727189
s_805,137.2844,37.5266,458,0,79.1520579,0.248376425
s_806,137.8613,37.0235,400,0,114.3121407,0.288346058
s_807,142.5245,43.3841,305,0,206.9848747,0.388763699
s_808,137.863,36.6987,411,0,106.6045104,0.279853305
s_809,141.8978,43.23,450,0,83.25503434,0.253246784
s_810,143.3153,42.1287,776,0,12.3629869,0.138917357
s_811,140.305,42.668,313,0,197.1375325,0.377828112
s_812,140.1266,41.8691,426,0,96.92487452,0.269013918
s_813,141.6978,44.3611,221,0,334.9791108,0.554451858
s_814,142.2834,43.9754,440,0,88.6938291,0.259596767
s_815,136.4948,35.1719,392,0,120.2615294,0.29483761
s_816,141.8187,44.6359,267,0,259.4148854,0.450161883
s_817,143.7488,43.4704,641,0,26.03380328,0.171485175
s_818,140.9766,42.768,406,0,110.0417572,0.283653691
s_819,143.51,43.6352,451,0,82.73036924,0.252628056
s_820,136.968,37.0426,196,0,380.641443,0.632874996
s_821,142.226,45.2149,155,0,459.0674677,0.819669164
s_822,140.1117,41.4338,499,0,61.19651099,0.22598381
s_823,142.6839,43.6246,474,0,71.56362933,0.23915331
s_824,136.4489,34.8568,458,0,79.1520579,0.248376425
s_825,135.9091,35.5483,257,0,274.7619765,0.469502411
s_826,135.5101,34.7256,260,0,270.0914357,0.463536032
s_827,141.5924,43.5324,641,0,26.03380328,0.171485175
s_828,140.3087,41.9856,641,0,26.03380328,0.171485175
s_829,137.2638,34.6697,408,0,108.6538009,0.282121789
s_830,144.0273,43.7054,450,0,83.25503434,0.253246784
s_831,142.3409,43.3697,511,0,56.79664388,0.220142704
s_832,138.4971,37.9207,600,0,33.08965542,0.184442691
s_833,145.0565,43.7938,297,0,217.2432701,0.400319293
s_834,137.1595,36.5711,431,0,93.8995295,0.265576826
s_835,142.5446,42.5977,776,0,12.3629869,0.138917357
s_836,140.6441,42.5901,164,0,441.7464091,0.770240247
s_837,135.7461,34.8983,196,0,380.641443,0.632874996
s_838,142.0085,42.993,527,0,51.44814033,0.212788832
s_839,135.7509,35.4956,199,0,375.0328208,0.622369123
s_840,138.0174,34.8768,641,0,26.03380328,0.171485175
s_841,136.4245,34.8224,454,0,81.17675379,0.250789055
s_842,136.0575,35.6448,160,0,449.4514196,0.791487222
s_843,136.0841,35.0052,347,0,159.7184845,0.337241527
s_844,135.606,34.5575,396,0,117.2497011,0.291557376
s_845,137.2464,35.4865,440,0,88.6938291,0.259596767
s_846,138.0767,34.9398,641,0,26.03380328,0.171485175
s_847,141.7503,44.8846,194,0,384.3966471,0.640068747
s_848,142.1914,43.5199,459,0,78.65410478,0.247780171
s_849,143.1487,42.017,401,0,113.5891783,0.287553746
s_850,137.8964,34.9812,776,0,12.3629869,0.138917357
s_851,141.9251,44.8948,201,0,371.3108254,0.615548211
s_852,142.0085,42.9933,527,0,51.44814033,0.212788832
s_853,139.9822,40.3886,447,0,84.84969814,0.25512043
s_854,136.4546,34.8701,361,0,146.2873719,0.322857732
s_855,139.9813,42.1297,641,0,26.03380328,0.171485175
s_856,142.3648,43.7726,343,0,163.7607167,0.341578092
s_857,137.42,36.8164,310,0,200.7824317,0.381859449
s_858,137.4689,36.7914,364,0,143.5504743,0.319926639
s_859,137.004,35.4527,374,0,134.7743062,0.310512883
s_860,142.2254,45.2163,155,0,459.0674677,0.819669164
s_861,135.8965,34.9719,199,0,375.0328208,0.622369123
s_862,140.2638,42.2586,155,0,459.0674677,0.819669164
s_863,137.1495,35.8991,776,0,12.3629869,0.138917357
s_864,136.6989,36.7318,194,0,384.3966471,0.640068747
s_865,142.1619,44.2829,518,0,54.38684367,0.216866631
s_866,136.2324,34.9018,494,0,63.13536945,0.228505696
s_867,136.9154,35.2979,333,0,174.2778341,0.352899126
s_868,142.4056,44.4376,331,0,176.4530334,0.355249667
s_869,137.4039,35.2194,776,0,12.3629869,0.138917357
s_870,137.5274,36.8626,344,0,162.7414488,0.340484013
s_871,144.0712,44.1204,194,0,384.3966471,0.640068747
s_872,140.4831,42.8309,299,0,214.6398942,0.397369453
s_873,135.3501,34.7463,292,0,223.8652868,0.407879827
s_874,137.8409,35.0086,776,0,12.3629869,0.138917357
s_875,136.8883,36.5556,331,0,176.4530334,0.355249667
s_876,137.2436,37.3458,423,0,98.78728586,0.271117183
s_877,136.9385,34.7401,208,0,358.4013521,0.592759241
s_878,136.5713,35.483,325,0,183.1247763,0.362483852
s_879,143.1276,44.4796,326,0,181.9974965,0.361258715
s_880,135.7276,34.7153,374,0,134.7743062,0.310512883
s_881,137.2061,35.1983,376,0,133.0817242,0.308693243
s_882,136.0591,34.8781,390,0,121.7957658,0.296504256
s_883,142.6006,43.5038,404,0,111.4473412,0.285201539
s_884,142.3906,43.5113,406,0,110.0417572,0.283653691
s_885,137.1471,37.308,420,0,100.6858413,0.273252038
s_886,143.5781,43.6705,641,0,26.03380328,0.171485175
s_887,139.9979,41.649,776,0,12.3629869,0.138917357
s_888,136.0243,35.4214,343,0,163.7607167,0.341578092
s_889,144.8071,43.9269,310,0,200.7824317,0.381859449
s_890,137.057,35.3059,776,0,12.3629869,0.138917357
s_891,137.1983,36.2448,776,0,12.3629869,0.138917357
s_892,136.6134,35.6325,776,0,12.3629869,0.138917357
s_893,136.9078,37.3924,253,0,281.0767321,0.477689081
s_894,140.0178,42.4287,408,0,108.6538009,0.282121789
s_895,136.6435,36.5421,360,0,147.2105543,0.323846176
s_896,136.9689,37.2224,404,0,111.4473412,0.285201539
s_897,140.7819,43.1975,600,0,33.08965542,0.184442691
s_898,136.9076,35.5456,476,0,70.66993542,0.238046207
s_899,135.5958,34.8572,326,0,181.9974965,0.361258715
s_900,141.7876,44.0254,325,0,183.1247763,0.362483852
s_901,142.9448,43.3337,776,0,12.3629869,0.138917357
s_902,137.5697,35.0977,776,0,12.3629869,0.138917357
s_903,136.8206,37.0533,425,0,97.54169986,0.269711539
s_904,142.3428,44.4806,332,0,175.3624094,0.354070676
s_905,141.637,43.9407,420,0,100.6858413,0.273252038
s_906,143.9455,44.0813,254,0,279.4887446,0.475617004
s_907,137.6616,34.8343,776,0,12.3629869,0.138917357
s_908,136.1149,34.7679,348,0,158.7223747,0.336173752
s_909,140.5093,42.9793,257,0,274.7619765,0.469502411
s_910,136.9584,36.5736,336,0,171.0602209,0.349428436
s_911,140.5305,42.8056,277,0,244.7079635,0.432286251
s_912,137.3187,35.6401,472,0,72.46916023,0.240270275
s_913,142.4673,43.5889,374,0,134.7743062,0.310512883
s_914,137.2199,34.8285,302,0,210.7833575,0.393021653
s_915,136.2066,35.5399,641,0,26.03380328,0.171485175
s_916,141.9621,44.0974,776,0,12.3629869,0.138917357
s_917,140.3755,42.1245,641,0,26.03380328,0.171485175
s_918,136.9533,36.0334,572,0,39.11267657,0.194416762
s_919,141.4346,43.4001,641,0,26.03380328,0.171485175
s_920,137.0395,36.4402,641,0,26.03380328,0.171485175
s_921,135.5518,35.4904,429,0,95.09800031,0.266941559
s_922,136.4563,34.9849,776,0,12.3629869,0.138917357
s_923,135.5637,35.0171,181,0,409.0679629,0.690911369
s_924,142.9473,43.3338,776,0,12.3629869,0.138917357
s_925,137.3359,35.1392,776,0,12.3629869,0.138917357
s_926,136.3154,36.3031,165,0,439.8195198,0.765097569
s_927,140.9361,42.7978,406,0,110.0417572,0.283653691
s_928,137.1195,35.5427,776,0,12.3629869,0.138917357
s_929,139.9678,42.4851,494,0,63.13536945,0.228505696
s_930,144.2729,44.0201,201,0,371.3108254,0.615548211
s_931,137.6243,35.0002,641,0,26.03380328,0.171485175
s_932,141.7664,44.5323,191,0,390.0519242,0.651156467
s_933,136.9621,35.8323,510,0,57.15010516,0.220618432
s_934,137.0392,36.4406,641,0,26.03380328,0.171485175
s_935,142.3516,45.1267,296,0,218.5546827,0.401809928
s_936,136.8979,36.2743,493,0,63.53088846,0.229016527
s_937,137.2377,34.9635,419,0,101.3268307,0.273970798
s_938,140.8223,42.95,456,0,80.15778894,0.249577179
s_939,144.9973,44.0699,351,0,155.7683901,0.333008782
s_940,137.5749,34.9335,641,0,26.03380328,0.171485175
s_941,141.7665,45.1033,169,0,432.113091,0.745165913
s_942,135.3918,34.4404,361,0,146.2873719,0.322857732
s_943,136.0316,34.853,377,0,132.2431139,0.307791031
s_944,137.1618,35.663,776,0,12.3629869,0.138917357
s_945,135.2836,34.3977,600,0,33.08965542,0.184442691
s_946,141.8573,44.0494,453,0,81.69124947,0.251399211
s_947,139.8533,42.4502,256,0,276.3313452,0.471523874
s_948,136.6357,36.515,303,0,209.5107569,0.391592488
s_949,141.6647,44.1487,279,0,241.8442884,0.428872596
s_950,136.7939,35.5038,311,0,199.561107,0.380506587
s_951,136.7847,35.7235,776,0,12.3629869,0.138917357
s_952,136.1074,34.6291,414,0,104.5938356,0.277619362
s_953,136.8216,34.2544,342,0,164.7858247,0.342678896
s_954,141.3686,43.7734,626,0,28.40093568,0.176018864
s_955,135.921,35.2002,346,0,160.720353,0.33831579
s_956,142.3942,44.1821,182,0,407.1566469,0.686729113
s_957,137.1086,34.622,368,0,139.9766172,0.316096606
s_958,136.7418,35.5909,776,0,12.3629869,0.138917357
s_959,142.5699,43.909,514,0,55.75018732,0.218727189
s_960,137.1054,35.6682,776,0,12.3629869,0.138917357
s_961,136.6127,35.5214,776,0,12.3629869,0.138917357
s_962,136.9618,35.6665,516,0,55.06400384,0.21779312
s_963,136.4409,36.3976,182,0,407.1566469,0.686729113
s_964,140.251,41.7495,641,0,26.03380328,0.171485175
s_965,136.9809,35.7596,466,0,75.2582782,0.243681662
s_966,142.4547,44.3598,335,0,172.1267581,0.350578074
s_967,136.8229,34.2544,342,0,164.7858247,0.342678896
s_968,144.9935,44.064,351,0,155.7683901,0.333008782
s_969,137.4876,34.8976,455,0,80.66560704,0.250181717
s_970,136.4134,35.6033,776,0,12.3629869,0.138917357
s_971,142.0528,44.6617,368,0,139.9766172,0.316096606
s_972,141.3882,43.6015,641,0,26.03380328,0.171485175
s_973,141.8541,45.2519,354,0,152.8654793,0.329900166
s_974,141.7834,45.1019,405,0,110.7423341,0.284425607
s_975,137.6257,36.9764,866,0,7.819701563,0.123094716
s_976,135.7304,35.0094,379,0,130.581138,0.306001615
s_977,143.3088,43.6746,641,0,26.03380328,0.171485175
s_978,135.7171,34.5171,329,0,178.6524985,0.357630252
s_979,135.2553,34.3744,215,0,345.6936482,0.571527255
s_980,136.6049,36.3579,514,0,55.75018732,0.218727189
s_981,137.1767,37.5,495,0,62.74245517,0.227997035
s_982,136.7331,34.4909,208,0,358.4013521,0.592759241
s_983,137.4114,34.9512,776,0,12.3629869,0.138917357
s_984,135.7266,35.4573,348,0,158.7223747,0.336173752
s_985,142.7686,43.8543,776,0,12.3629869,0.138917357
s_986,142.1594,43.8243,401,0,113.5891783,0.287553746
s_987,142.7656,43.8546,776,0,12.3629869,0.138917357
s_988,136.7176,37.1902,422,0,99.41609155,0.271825257
s_989,136.9087,37.2265,208,0,358.4013521,0.592759241
s_990,136.6706,35.9053,497,0,61.96437375,0.226986165
s_991,140.0619,42.701,501,0,60.43873506,0.224989865
s_992,143.3538,44.3557,371,0,137.351932,0.313281017
s_993,135.4483,34.3228,776,0,12.3629869,0.138917357
s_994,136.2835,34.7662,526,0,51.766086,0.21323468
s_995,136.8318,35.925,776,0,12.3629869,0.138917357
s_996,140.9933,43.1908,454,0,81.17675379,0.250789055
s_997,141.9653,44.5453,396,0,117.2497011,0.291557376
s_998,134.9889,34.7974,408,0,108.6538009,0.282121789
s_999,137.848,36.9378,776,0,12.3629869,0.138917357
s_1000,136.7168,36.2667,776,0,12.3629869,0.138917357
s_1001,135.1959,35.5356,208,0,358.4013521,0.592759241
s_1002,136.0135,36.0391,641,0,26.03380328,0.171485175
s_1003,135.8541,34.5843,776,0,12.3629869,0.138917357
s_1004,142.1485,44.007,188,0,395.7320299,0.662616397
s_1005,143.5336,44.0921,344,0,162.7414488,0.340484013
s_1006,143.7747,44.0187,336,0,171.0602209,0.349428436
s_1007,142.6421,44.3114,501,0,60.43873506,0.224989865
s_1008,136.261,34.9638,403,0,112.156802,0.285981518
s_1009,142.3036,44.5973,339,0,167.8963886,0.346022278
s_1010,142.0795,45.0167,322,0,186.5436836,0.366207267
s_1011,136.473,35.2836,776,0,12.3629869,0.138917357
s_1012,139.5519,42.2402,600,0,33.08965542,0.184442691
s_1013,135.4306,34.2755,465,0,75.73390764,0.244259225
s_1014,135.8046,34.8784,405,0,110.7423341,0.284425607
s_1015,136.0512,34.6413,776,0,12.3629869,0.138917357
s_1016,136.4993,34.2778,641,0,26.03380328,0.171485175
s_1017,134.9904,34.533,208,0,358.4013521,0.592759241
s_1018,136.5296,34.5752,274,0,249.0521697,0.437504988
s_1019,136.6896,37.1603,401,0,113.5891783,0.287553746
s_1020,136.4879,35.6364,776,0,12.3629869,0.138917357
s_1021,135.9511,34.5277,412,0,105.9300257,0.279104858
s_1022,135.2496,35.7101,335,0,172.1267581,0.350578074
s_1023,140.1557,42.7797,420,0,100.6858413,0.273252038
s_1024,136.1748,35.9068,301,0,212.0624088,0.394460799
s_1025,134.2854,34.0903,452,0,82.20911447,0.252012204
s_1026,135.9187,35.3474,433,0,92.71640818,0.264225341
s_1027,136.3399,34.6398,353,0,153.8274768,0.330930201
s_1028,141.8806,45.2303,390,0,121.7957658,0.296504256
s_1029,135.6489,33.9666,776,0,12.3629869,0.138917357
s_1030,136.3599,35.2383,776,0,12.3629869,0.138917357
s_1031,142.5952,44.1185,776,0,12.3629869,0.138917357
s_1032,135.1243,35.5243,641,0,26.03380328,0.171485175
s_1033,142.2725,44.4732,641,0,26.03380328,0.171485175
s_1034,136.5033,34.5424,314,0,195.9352588,0.37650232
s_1035,140.2305,42.7905,253,0,281.0767321,0.477689081
s_1036,134.6096,34.2034,236,0,308.9932232,0.515745089
s_1037,132.7449,35.3608,161,0,447.5257986,0.786071432
s_1038,135.8177,34.9977,776,0,12.3629869,0.138917357
s_1039,141.885,45.4883,260,0,270.0914357,0.463536032
s_1040,140.5017,43.0527,328,0,179.7613742,0.358831989
s_1041,134.8078,34.8164,309,0,202.0101301,0.383221516
s_1042,140.3791,43.3236,641,0,26.03380328,0.171485175
s_1043,142.1414,44.116,500,0,60.81637035,0.225485793
s_1044,140.4841,42.6104,394,0,118.7462374,0.293188743
s_1045,134.8945,35.6038,284,0,234.7989755,0.420559374
s_1046,135.4846,35.0469,776,0,12.3629869,0.138917357
s_1047,136.2001,35.7731,641,0,26.03380328,0.171485175
s_1048,134.2201,35.4859,261,0,268.5471728,0.461579263
s_1049,133.9071,33.5014,208,0,358.4013521,0.592759241
s_1050,135.6844,34.3414,448,0,84.31467804,0.254492951
s_1051,135.4841,35.4907,641,0,26.03380328,0.171485175
s_1052,141.1656,42.9724,641,0,26.03380328,0.171485175
s_1053,135.0844,34.9082,477,0,70.22748096,0.237496315
s_1054,139.8286,42.595,208,0,358.4013521,0.592759241
s_1055,136.3692,34.547,776,0,12.3629869,0.138917357
s_1056,142.0712,44.8116,176,0,418.6493401,0.712572682
s_1057,136.4347,35.4179,776,0,12.3629869,0.138917357
s_1058,135.7052,34.763,468,0,74.31633293,0.242534318
s_1059,142.2542,44.7745,487,0,65.9596533,0.232127831
s_1060,142.6039,44.7433,361,0,146.2873719,0.322857732
s_1061,135.1025,35.1699,397,0,116.5084073,0.29074817
s_1062,134.4191,33.6689,208,0,358.4013521,0.592759241
s_1063,131.0199,32.9514,180,0,410.9810713,0.695142478
s_1064,135.1694,34.2293,184,0,403.3397996,0.678507867
s_1065,143.0264,44.4234,455,0,80.66560704,0.250181717
s_1066,135.5805,34.4364,429,0,95.09800031,0.266941559
s_1067,143.2407,44.3843,392,0,120.2615294,0.29483761
s_1068,135.1591,34.6904,776,0,12.3629869,0.138917357
s_1069,134.7292,34.2496,409,0,107.9663748,0.281361741
s_1070,143.1747,43.8785,530,0,50.50682987,0.211461895
s_1071,139.8186,42.2286,467,0,74.78575972,0.243106699
s_1072,135.1019,35.7404,324,0,184.2582236,0.363716939
s_1073,136.3358,34.3628,776,0,12.3629869,0.138917357
s_1074,142.2247,44.9387,419,0,101.3268307,0.273970798
s_1075,136.5866,34.3532,776,0,12.3629869,0.138917357
s_1076,140.6013,43.2923,232,0,315.804812,0.525552818
s_1077,142.4811,44.8417,264,0,263.952376,0.455802393
s_1078,134.0548,35.4606,340,0,166.8536411,0.344900927
s_1079,142.4868,44.857,422,0,99.41609155,0.271825257
s_1080,142.5736,44.5509,425,0,97.54169986,0.269711539
s_1081,142.9033,43.7704,510,0,57.15010516,0.220618432
s_1082,135.1525,33.8909,160,0,449.4514196,0.791487222
s_1083,136.3293,34.358,641,0,26.03380328,0.171485175
s_1084,135.2714,34.9499,776,0,12.3629869,0.138917357
s_1085,134.39,34.7553,462,0,77.17965579,0.246007683
s_1086,133.4918,35.3553,316,0,193.5496764,0.373877184
s_1087,134.628,35.6394,429,0,95.09800031,0.266941559
s_1088,143.0111,44.1146,524,0,52.40832457,0.214131742
s_1089,135.753,33.9396,776,0,12.3629869,0.138917357
s_1090,142.29,44.9702,303,0,209.5107569,0.391592488
s_1091,135.7667,35.2496,776,0,12.3629869,0.138917357
s_1092,143.0767,44.192,641,0,26.03380328,0.171485175
s_1093,136.1571,36.2161,318,0,191.1892933,0.371286743
s_1094,135.39,34.9707,776,0,12.3629869,0.138917357
s_1095,136.3328,34.4284,508,0,57.86408347,0.221575796
s_1096,134.0375,34.3473,306,0,205.7315754,0.387363875
s_1097,135.9545,34.3384,776,0,12.3629869,0.138917357
s_1098,135.5508,35.2685,427,0,96.31199772,0.268319731
s_1099,142.9644,44.582,211,0,352.9291061,0.583478507
s_1100,135.2927,35.6762,641,0,26.03380328,0.171485175
s_1101,140.4355,43.1449,641,0,26.03380328,0.171485175
s_1102,135.1334,35.313,776,0,12.3629869,0.138917357
s_1103,135.7368,34.2214,776,0,12.3629869,0.138917357
s_1104,140.6228,43.2341,310,0,200.7824317,0.381859449
s_1105,142.5692,44.5449,444,0,86.47580201,0.257020696
s_1106,135.8574,33.9692,776,0,12.3629869,0.138917357
s_1107,135.8369,34.3061,776,0,12.3629869,0.138917357
s_1108,136.3617,36.0955,479,0,69.35126507,0.236403767
s_1109,133.8243,33.6748,776,0,12.3629869,0.138917357
s_1110,135.9814,33.7208,641,0,26.03380328,0.171485175
s_1111,135.1776,35.0592,494,0,63.13536945,0.228505696
s_1112,135.9191,33.8764,641,0,26.03380328,0.171485175
s_1113,136.0022,34.2925,776,0,12.3629869,0.138917357
s_1114,134.9071,35.2925,433,0,92.71640818,0.264225341
s_1115,135.4396,33.6894,410,0,107.2832857,0.28060559
s_1116,142.8444,44.5276,641,0,26.03380328,0.171485175
s_1117,134.4234,35.0671,776,0,12.3629869,0.138917357
s_1118,142.1185,45.3346,351,0,155.7683901,0.333008782
s_1119,135.9969,33.7644,641,0,26.03380328,0.171485175
s_1120,130.8199,32.7967,276,0,246.1495455,0.434012582
s_1121,135.3893,35.4756,253,0,281.0767321,0.477689081
s_1122,135.5454,33.5559,641,0,26.03380328,0.171485175
s_1123,134.8621,35.4574,776,0,12.3629869,0.138917357
s_1124,136.1689,34.0637,776,0,12.3629869,0.138917357
s_1125,133.549,33.981,196,0,380.641443,0.632874996
s_1126,134.5237,35.2193,776,0,12.3629869,0.138917357
s_1127,130.6354,33.3678,159,0,451.3764088,0.796974631
s_1128,136.6246,36.1804,776,0,12.3629869,0.138917357
s_1129,134.9036,35.101,400,0,114.3121407,0.288346058
s_1130,133.1444,33.6472,776,0,12.3629869,0.138917357
s_1131,136.0063,34.1369,776,0,12.3629869,0.138917357
s_1132,133.3493,34.3785,776,0,12.3629869,0.138917357
s_1133,134.1988,35.3946,316,0,193.5496764,0.373877184
s_1134,134.6701,35.0322,776,0,12.3629869,0.138917357
s_1135,134.319,35.0999,776,0,12.3629869,0.138917357
s_1136,133.576,33.7543,776,0,12.3629869,0.138917357
s_1137,142.7656,44.3207,776,0,12.3629869,0.138917357
s_1138,132.9069,34.3413,249,0,287.4900586,0.486152416
s_1139,133.8905,34.507,276,0,246.1495455,0.434012582
s_1140,133.9493,34.2186,353,0,153.8274768,0.330930201
s_1141,134.5337,33.9902,406,0,110.0417572,0.283653691
s_1142,133.8933,33.9997,776,0,12.3629869,0.138917357
s_1143,130.2077,31.994,641,0,26.03380328,0.171485175
s_1144,133.7486,35.3649,294,0,221.1969847,0.404823178
s_1145,142.4307,45.1001,600,0,33.08965542,0.184442691
s_1146,134.3043,34.2264,352,0,154.7951066,0.331966388
s_1147,133.0016,33.5388,776,0,12.3629869,0.138917357
s_1148,134.1162,35.0732,484,0,67.2105867,0.233713899
s_1149,133.6861,34.6429,420,0,100.6858413,0.273252038
s_1150,132.8032,33.7112,776,0,12.3629869,0.138917357
s_1151,133.8527,34.8684,776,0,12.3629869,0.138917357
s_1152,134.3426,35.5729,641,0,26.03380328,0.171485175
s_1153,130.8285,33.4654,473,0,72.01490584,0.239710552
s_1154,132.6011,33.5807,776,0,12.3629869,0.138917357
s_1155,133.3909,35.2313,641,0,26.03380328,0.171485175
s_1156,132.9524,34.7016,776,0,12.3629869,0.138917357
s_1157,132.8989,35.3422,315,0,194.7393111,0.375185373
s_1158,131.2207,32.9553,292,0,223.8652868,0.407879827
s_1159,132.1157,33.3719,776,0,12.3629869,0.138917357
s_1160,133.6205,34.9363,776,0,12.3629869,0.138917357
s_1161,131.1434,34.1111,426,0,96.92487452,0.269013918
s_1162,132.4046,33.9291,776,0,12.3629869,0.138917357
s_1163,130.1408,32.9103,326,0,181.9974965,0.361258715
s_1164,133.3169,35.0493,776,0,12.3629869,0.138917357
s_1165,132.8008,35.4259,208,0,358.4013521,0.592759241
s_1166,130.3647,32.1704,346,0,160.720353,0.33831579
s_1167,132.0122,34.5725,776,0,12.3629869,0.138917357
s_1168,132.7923,34.4572,351,0,155.7683901,0.333008782
s_1169,133.4055,34.9103,776,0,12.3629869,0.138917357
s_1170,132.4063,34.209,776,0,12.3629869,0.138917357
s_1171,130.7521,32.6345,290,0,226.5596191,0.410980802
s_1172,132.3794,34.7471,776,0,12.3629869,0.138917357
s_1173,132.126,34.1891,776,0,12.3629869,0.138917357
s_1174,130.9969,31.5618,339,0,167.8963886,0.346022278
s_1175,132.9718,32.7797,459,0,78.65410478,0.247780171
s_1176,130.1811,32.3151,641,0,26.03380328,0.171485175
s_1177,131.6859,34.2091,776,0,12.3629869,0.138917357
s_1178,130.4438,31.9812,776,0,12.3629869,0.138917357
s_1179,132.104,33.826,776,0,12.3629869,0.138917357
s_1180,129.7652,33.2122,400,0,114.3121407,0.288346058
s_1181,133.0236,34.3736,162,0,445.5996728,0.780725892
s_1182,131.0506,34.1149,776,0,12.3629869,0.138917357
s_1183,132.6396,34.8697,641,0,26.03380328,0.171485175
s_1184,131.6681,34.6257,420,0,100.6858413,0.273252038
s_1185,133.2604,35.2963,641,0,26.03380328,0.171485175
s_1186,131.3774,34.3979,641,0,26.03380328,0.171485175
s_1187,133.0856,35.2235,400,0,114.3121407,0.288346058
s_1188,132.0402,34.694,776,0,12.3629869,0.138917357
s_1189,130.6949,33.1089,406,0,110.0417572,0.283653691
s_1190,132.1611,34.3935,776,0,12.3629869,0.138917357
s_1191,132.4208,34.8801,641,0,26.03380328,0.171485175
s_1192,132.3069,35.0087,451,0,82.73036924,0.252628056
s_1193,131.8149,33.9725,476,0,70.66993542,0.238046207
s_1194,133.1674,34.8225,489,0,65.13935073,0.231081813
s_1195,132.6411,34.2883,500,0,60.81637035,0.225485793
s_1196,132.8558,35.1634,641,0,26.03380328,0.171485175
s_1197,133.6765,35.1809,641,0,26.03380328,0.171485175
s_1198,131.6329,34.4837,466,0,75.2582782,0.243681662
s_1199,130.9503,33.5293,776,0,12.3629869,0.138917357
s_1200,133.5283,34.6756,776,0,12.3629869,0.138917357
s_1201,131.0618,32.0421,406,0,110.0417572,0.283653691
s_1202,132.5053,34.1161,776,0,12.3629869,0.138917357
s_1203,130.4046,33.3654,641,0,26.03380328,0.171485175
s_1204,130.9046,32.4901,776,0,12.3629869,0.138917357
s_1205,130.2329,33.4098,427,0,96.31199772,0.268319731
s_1206,133.789,34.7783,401,0,113.5891783,0.287553746
s_1207,131.2668,32.347,641,0,26.03380328,0.171485175
s_1208,132.4295,34.581,776,0,12.3629869,0.138917357
s_1209,131.0791,31.7301,376,0,133.0817242,0.308693243
s_1210,132.5055,33.427,641,0,26.03380328,0.171485175
s_1211,132.6689,34.6629,776,0,12.3629869,0.138917357
s_1212,130.817,33.2891,641,0,26.03380328,0.171485175
s_1213,133.0226,35.5232,641,0,26.03380328,0.171485175
s_1214,131.2118,33.2844,510,0,57.15010516,0.220618432
s_1215,131.6856,33.4736,641,0,26.03380328,0.171485175
s_1216,131.101,32.8114,356,0,150.9582943,0.327858336
s_1217,130.7371,32.2054,331,0,176.4530334,0.355249667
s_1218,132.2326,34.5716,776,0,12.3629869,0.138917357
s_1219,131.29,32.0215,330,0,177.549724,0.356436169
s_1220,130.1046,33.1806,208,0,358.4013521,0.592759241
s_1221,131.3984,32.9726,406,0,110.0417572,0.283653691
s_1222,131.0326,33.4122,641,0,26.03380328,0.171485175
s_1223,140.6453,36.5915,775.5,0,12.39553562,0.139016062
s_1224,140.9293,38.2663,163.9,0,441.9390929,0.770758143
s_1225,140.1914,37.1228,394,0,118.7462374,0.293188743
s_1226,140.1742,36.545,356.6,0,150.3904892,0.327250481
s_1227,139.7155,36.7258,453,0,81.69124947,0.251399211
s_1228,140.3622,37.3961,392.1,0,120.1853164,0.294754747
s_1229,140.2267,35.7234,187,0,397.6304876,0.666522291
s_1230,140.5668,37.4363,641.3,0,25.98875226,0.171396773
s_1231,140.2372,36.3851,383.1,0,127.2369385,0.302394673
s_1232,141.5044,38.3052,439,0,89.25738621,0.260248495
s_1233,140.6349,37.2778,775.5,0,12.39553562,0.139016062
s_1234,141.3106,38.7348,468.8,0,73.94300461,0.242078261
s_1235,140.9849,37.6385,202.8,0,367.9733358,0.609530226
s_1236,141.034,37.4215,361.4,0,145.9196281,0.322463965
s_1237,141.8561,39.2701,289,0,227.9165538,0.412548209
s_1238,141.501,38.3998,260.2,0,269.7820782,0.463143414
s_1239,140.3689,37.2842,390.9,0,121.1030029,0.295752047
s_1240,141.5109,38.7262,775.5,0,12.39553562,0.139016062
m_1241,141.2437,38.4567,161.6,0,446.3701756,0.782855764
s_1242,140.6322,35.977,211.7,0,351.6577854,0.581352766
s_1243,141.251,38.5876,169.5,0,431.1501614,0.742743939
s_1244,141.4031,39.0187,775.5,0,12.39553562,0.139016062
s_1245,140.7346,37.6799,775.5,0,12.39553562,0.139016062
m_1246,140.6434,36.5968,775.5,0,12.39553562,0.139016062
s_1247,140.9196,37.7949,207.5,0,359.3170507,0.59433346
m_1248,140.4591,37.1456,775.5,0,12.39553562,0.139016062
s_1249,141.1378,39.3209,411.9,0,105.9972818,0.279179531
s_1250,140.7068,36.7061,236.1,0,308.8240782,0.515504369
s_1251,140.607,36.4654,150.4,0,467.8862438,0.847338643
s_1252,140.6013,37.8449,178.7,0,413.4706214,0.700717351
m_1253,140.3597,37.3302,179.8,0,411.363899,0.695994637
s_1254,140.8874,38.4466,172.8,0,424.7988219,0.727128101
s_1255,140.5955,36.3523,242.2,0,298.6142923,0.501215194
m_1256,140.9003,37.0344,392,0,120.2615294,0.29483761
s_1257,140.0494,35.9112,145.4,0,477.4256427,0.879504675
m_1258,141.6182,38.796,600,0,33.08965542,0.184442691
s_1259,140.1947,36.0729,145.4,0,477.4256427,0.879504675
s_1260,140.6357,38.3177,641.3,0,25.98875226,0.171396773
m_1261,140.3662,37.4199,399.9,0,114.3846867,0.288425518
m_1262,140.909,38.5641,162.6,0,444.4438074,0.77755173
s_1263,140.5853,36.9951,775.5,0,12.39553562,0.139016062
s_1264,140.0564,35.7943,182.5,0,406.201693,0.684656045
m_1265,139.9638,36.447,274.3,0,248.6151234,0.436977714
s_1266,140.8132,37.3364,641.3,0,25.98875226,0.171396773
s_1267,139.9294,37.4774,362.2,0,145.1867537,0.321679171
m_1268,140.9497,37.6619,342.5,0,164.2725394,0.34212765
s_1269,141.5684,38.9015,383.1,0,127.2369385,0.302394673
m_1270,140.8871,38.2952,172.8,0,424.7988219,0.727128101
s_1271,140.0225,36.4368,368.8,0,139.2720646,0.315341074
s_1272,139.8047,36.2859,224,0,329.6876627,0.546274354
s_1273,140.3194,35.9537,162.2,0,445.2143981,0.779665096
s_1274,140.0828,36.9417,374.7,0,134.1795645,0.309873686
s_1275,140.8699,38.1049,183.8,0,403.7211203,0.679321531
s_1276,139.9653,36.1843,231.9,0,315.9762346,0.525802569
m_1277,141.1682,38.9108,348.1,0,158.6230797,0.336067329
s_1278,140.621,38.0085,432.7,0,92.89290478,0.264427227
s_1279,140.4368,37.603,434.1,0,92.07217034,0.263487602
s_1280,141.025,37.3163,600,0,33.08965542,0.184442691
s_1281,140.3569,36.7761,407.1,0,109.2762118,0.282809187
s_1282,140.1557,36.5287,356.6,0,150.3904892,0.327250481
m_1283,141.0009,38.2894,368.5,0,139.5358752,0.315623995
s_1284,140.1297,36.7639,384.4,0,126.1940206,0.301267889
s_1285,139.8733,35.9595,230.1,0,319.071148,0.530337106
s_1286,140.9035,37.0911,441.6,0,87.79970313,0.258560453
s_1287,139.3251,36.4106,343.1,0,163.6585274,0.341468382
s_1288,140.5563,37.09,775.5,0,12.39553562,0.139016062
s_1289,140.7929,36.9069,195.9,0,380.8289052,0.633231018
m_1290,140.2349,37.1557,405.6,0,110.3214578,0.283961977
s_1291,140.7818,37.9763,294.8,0,220.1369459,0.403612722
s_1292,140.0903,36.1251,164.7,0,440.397593,0.766633481
s_1293,141.152,39.1454,315.2,0,194.5008795,0.374923037
s_1294,140.105,35.9814,252.7,0,281.554331,0.478314065
m_1295,140.5052,37.7737,435.6,0,91.20100858,0.262487904
s_1296,141.0036,39.4531,641.3,0,25.98875226,0.171396773
s_1297,140.1325,37.3957,641.3,0,25.98875226,0.171396773
s_1298,141.082,39.9203,273.8,0,249.3438577,0.437857178
s_1299,140.4799,37.7613,465.1,0,75.68620415,0.244201351
s_1300,140.563,37.055,775.5,0,12.39553562,0.139016062
s_1301,139.908,36.0693,227.6,0,323.3985388,0.536760193
s_1302,139.7675,36.56,308.8,0,202.2564356,0.383495042
s_1303,139.4204,36.8061,510.4,0,57.0084399,0.220427906
s_1304,140.4905,35.9007,233.59,0,313.0865725,0.52161197
s_1305,139.9828,36.3062,162.6,0,444.4438074,0.77755173
m_1306,140.0575,36.173,170.1,0,429.9948219,0.73985732
s_1307,139.9031,35.7868,137.3,0,492.7331747,0.936852449
s_1308,140.1078,37.5474,186.3,0,398.9608342,0.669282643
s_1309,140.3775,37.0217,413.2,0,105.1262751,0.278211747
m_1310,140.1624,36.0784,247.7,0,289.5953525,0.488964883
s_1311,140.6507,38.7992,510.4,0,57.0084399,0.220427906
s_1312,141.6789,39.5997,775.5,0,12.39553562,0.139016062
s_1313,139.8115,35.6551,151,0,466.7379718,0.843629063
s_1314,141.1478,39.6953,345.9,0,160.8208574,0.338423575
s_1315,139.7153,36.8144,641.3,0,25.98875226,0.171396773
s_1316,141.3295,39.7841,775.5,0,12.39553562,0.139016062
m_1317,139.8582,36.5414,284.5,0,234.1034011,0.419744937
s_1318,139.9665,35.766,233.3,0,313.5813129,0.522326532
s_1319,141.7191,40.4099,600,0,33.08965542,0.184442691
s_1320,140.3067,35.7801,248.5,0,288.2985779,0.487230474
s_1321,141.147,39.4844,417.8,0,102.1014409,0.274838084
s_1322,140.4054,38.6001,438.4,0,89.59727733,0.260641033
s_1323,140.0784,35.6335,153.8,0,461.3711653,0.826719624
s_1324,139.1045,36.1179,775.5,0,12.39553562,0.139016062
s_1325,139.8093,35.6474,153.8,0,461.3711653,0.826719624
s_1326,140.3333,35.5727,222.7,0,331.9750792,0.54978951
m_1327,140.2491,35.7144,234.1,0,312.2176422,0.520359839
s_1328,139.8912,35.6926,142.1,0,483.6870362,0.90203929
s_1329,139.3609,36.2914,378.5,0,130.9947338,0.306447106
s_1330,139.4826,35.9034,298.4,0,215.4181861,0.398250042
s_1331,139.6968,36.072,149.4,0,469.7984911,0.853590887
s_1332,140.3907,38.4306,475.5,0,70.89225731,0.238322065
s_1333,139.7037,36.1848,238.4,0,304.9493851,0.51002638
s_1334,141.9464,39.6472,289.7,0,226.9660156,0.41144983
s_1335,140.0996,37.9043,365,0,142.6489832,0.318960859
m_1336,139.3433,35.3002,600,0,33.08965542,0.184442691
s_1337,139.7893,35.6685,151,0,466.7379718,0.843629063
s_1338,141.4805,40.5138,269.1,0,256.2729336,0.446292135
s_1339,139.6859,35.7107,253.1,0,280.9176557,0.477481099
s_1340,140.568,35.7077,140.4,0,486.8998334,0.914082881
s_1341,139.0176,36.3181,370.2,0,138.0472209,0.314027152
s_1342,139.7962,35.6874,260.2,0,269.7820782,0.463143414
s_1343,139.7144,36.7489,453,0,81.69124947,0.251399211
s_1344,139.7212,35.8098,178.7,0,413.4706214,0.700717351
s_1345,140.1022,35.6082,156.3,0,456.5697169,0.812159511
s_1346,139.5331,36.2343,230.1,0,319.071148,0.530337106
m_1347,139.4026,36.379,363.7,0,143.8219714,0.320217462
s_1348,139.6808,37.07,641.3,0,25.98875226,0.171396773
m_1349,141.9348,39.6774,775.5,0,12.39553562,0.139016062
s_1350,140.83,35.7358,281.78,0,237.906999,0.424212173
s_1351,139.0709,35.9954,532.9,0,49.61448551,0.210194111
s_1352,139.1924,36.3147,261.9,0,267.1627404,0.459831596
m_1353,140.3653,35.7994,259.1,0,271.4866628,0.4653107
s_1354,139.2912,35.7968,457.2,0,79.55277257,0.248855402
s_1355,139.6481,35.9065,213.6,0,348.2179234,0.575656686
s_1356,139.0784,36.6578,510.4,0,57.0084399,0.220427906
s_1357,139.8861,36.5692,427.8,0,95.82452418,0.267766837
s_1358,139.4376,36.6347,775.5,0,12.39553562,0.139016062
s_1359,139.634,35.4371,160.1,0,449.2588839,0.790942443
s_1360,139.8193,35.6876,143.2,0,481.603377,0.894406451
s_1361,140.8301,39.5169,526.4,0,51.63865519,0.213056127
s_1362,139.152,35.2641,232.21,0,315.4450027,0.525029077
s_1363,138.7523,36.5103,641.3,0,25.98875226,0.171396773
s_1364,139.8635,35.6704,149.9,0,468.8426143,0.850453806
s_1365,139.799,35.6485,153.8,0,461.3711653,0.826719624
s_1366,139.8971,35.7138,142.1,0,483.6870362,0.90203929
s_1367,139.6145,36.3867,641.3,0,25.98875226,0.171396773
s_1368,139.9176,35.6947,142,0,483.8762778,0.902739349
m_1369,139.7037,35.8272,183.8,0,403.7211203,0.679321531
s_1370,139.4659,35.7965,270.9,0,253.6024029,0.443025378
s_1371,139.9023,35.6537,141.8,0,484.254668,0.904142579
m_1372,139.6463,36.73,405.6,0,110.3214578,0.283961977
s_1373,139.3618,35.4424,166.3,0,437.3145699,0.75850923
s_1374,139.8033,36.99,641.3,0,25.98875226,0.171396773
s_1375,139.7062,35.5291,221.55,0,334.0056452,0.552935222
s_1376,139.9,37.3077,510.4,0,57.0084399,0.220427906
m_1377,139.5881,35.7416,259.4,0,271.0210205,0.464717706
s_1378,139.8087,35.6657,151,0,466.7379718,0.843629063
s_1379,139.8121,35.7313,144.6,0,478.9463585,0.884868367
s_1380,139.9159,35.3738,178.5,0,413.8538678,0.7015826
s_1381,141.4502,40.0366,775.5,0,12.39553562,0.139016062
s_1382,139.8249,35.7254,143.7,0,480.6550787,0.890977568
s_1383,139.8343,35.6596,150.4,0,467.8862438,0.847338643
m_1384,136.9156,34.9124,365.5,0,142.2002515,0.318480051
s_1385,138.9695,36.7819,641.3,0,25.98875226,0.171396773
s_1386,139.6467,37.6002,505.1,0,58.91627968,0.22297813
m_1387,139.9218,37.5294,366.2,0,141.5742755,0.317809239
m_1388,140.1333,35.6294,251.7,0,283.1503242,0.480408657
s_1389,140.2674,38.1502,641.3,0,25.98875226,0.171396773
s_1390,139.8624,35.7401,160.1,0,449.2588839,0.790942443
s_1391,139.3912,36.054,330.1,0,177.4397815,0.356317178
s_1392,139.2248,36.7722,570.5,0,39.46761772,0.194980152
s_1393,139.8354,35.689,143.2,0,481.603377,0.894406451
m_1394,141.3311,40.702,206.1,0,361.8864147,0.598783992
s_1395,140.0489,35.4769,155.5,0,458.1070351,0.816765218
s_1396,139.5029,35.699,270.5,0,254.1940502,0.443747376
s_1397,141.1416,40.8721,270.6,0,254.0460417,0.443566666
s_1398,141.7641,40.1819,416.3,0,103.0780798,0.275929582
s_1399,141.777,40.291,326.7,0,181.2120616,0.360405809
s_1400,139.4034,35.6282,406.8,0,109.4844698,0.28303903
m_1401,139.8031,35.6431,153.8,0,461.3711653,0.826719624
s_1402,139.1368,36.3478,314.6,0,195.2169319,0.375711096
s_1403,139.3265,35.5751,432.7,0,92.89290478,0.264427227
s_1404,138.4627,35.4965,641.3,0,25.98875226,0.171396773
s_1405,140.1621,38.607,528.9,0,50.84980936,0.211946602
s_1406,139.091,35.3583,641.3,0,25.98875226,0.171396773
s_1407,141.0523,40.1011,641.3,0,25.98875226,0.171396773
s_1408,138.9251,36.1162,775.5,0,12.39553562,0.139016062
s_1409,140.5803,39.8128,641.3,0,25.98875226,0.171396773
s_1410,139.3801,37.0159,775.5,0,12.39553562,0.139016062
s_1411,140.476,39.4544,171.5,0,427.2999114,0.733204402
s_1412,140.1735,37.6461,641.3,0,25.98875226,0.171396773
s_1413,140.0755,35.2988,332.4,0,174.9278544,0.353601167
s_1414,140.2743,38.3898,343.6,0,163.1484564,0.340920841
s_1415,139.3884,36.1476,297.6,0,216.4595358,0.399429966
m_1416,139.5829,35.6517,252.1,0,282.5111899,0.479568725
s_1417,139.1937,36.2428,317.9,0,191.3067157,0.371415451
s_1418,140.3488,38.2604,345.6,0,161.1227175,0.338747325
s_1419,139.5387,35.4544,368.1,0,139.8883629,0.316001976
s_1420,139.6218,35.1441,260.8,0,268.8555202,0.461969355
s_1421,141.28,40.4124,332.3,0,175.0364025,0.353718433
s_1422,140.3867,35.2999,193.2,0,385.9021562,0.642990091
s_1423,139.2626,36.0562,403.9,0,111.5180865,0.285279354
s_1424,141.208,40.6152,334.9,0,172.2337412,0.350693435
m_1425,139.5727,35.4719,286.1,0,231.8885125,0.417158838
s_1426,139.8598,35.3083,373.3,0,135.3715759,0.311154598
m_1427,141.5487,40.5098,282.1,0,237.4570151,0.423681916
m_1428,137.0229,34.8205,182.4,0,406.3926453,0.685069703
s_1429,140.7792,39.318,426.2,0,96.801984,0.268874807
s_1430,139.9921,38.3856,775.5,0,12.39553562,0.139016062
s_1431,138.476,35.041,172.2,0,425.9529953,0.729920566
s_1432,140.313,38.7909,381.9,0,128.20705,0.303441939
s_1433,140.9406,40.4371,510.4,0,57.0084399,0.220427906
m_1434,139.069,36.3909,344.1,0,162.6398424,0.340374973
s_1435,138.7266,35.702,507.9,0,57.90003102,0.221623872
s_1436,139.4772,37.6863,641.3,0,25.98875226,0.171396773
s_1437,139.8351,35.1105,207.5,0,359.3170507,0.59433346
s_1438,140.717,39.1462,641.3,0,25.98875226,0.171396773
s_1439,139.0826,35.3608,641.3,0,25.98875226,0.171396773
s_1440,138.6016,35.2128,405.6,0,110.3214578,0.283961977
s_1441,140.2905,35.4327,260.2,0,269.7820782,0.463143414
m_1442,140.3114,38.2327,178.7,0,413.4706214,0.700717351
s_1443,140.1022,35.1155,207.5,0,359.3170507,0.59433346
m_1444,139.3578,35.57,284.5,0,234.1034011,0.419744937
s_1445,139.8633,37.6535,368.6,0,139.4478855,0.315529634
s_1446,138.5677,35.6548,377.8,0,131.5758912,0.307072875
m_1447,139.4629,35.476,266.5,0,260.1671383,0.4510927
s_1448,139.1031,34.9652,346,0,160.720353,0.33831579
s_1449,140.7181,39.6991,400.3,0,114.0947756,0.288107927
s_1450,140.0499,39.383,411.4,0,106.334203,0.279553468
s_1451,137.5174,36.2492,641.3,0,25.98875226,0.171396773
m_1452,139.4778,35.7457,264.9,0,262.5850942,0.45409614
s_1453,139.5386,37.266,478.8,0,69.43836815,0.23651259
s_1454,140.237,35.3872,349.6,0,157.1405256,0.334478664
s_1455,140.2957,38.7679,372.5,0,136.0572757,0.311891092
s_1456,140.919,40.7002,284.3,0,234.3814354,0.42007035
m_1457,139.3529,35.4801,370.2,0,138.0472209,0.314027152
m_1458,139.4529,35.2963,600,0,33.08965542,0.184442691
s_1459,139.0546,34.8158,641.3,0,25.98875226,0.171396773
s_1460,140.0428,38.1074,360.2,0,147.0254802,0.323648025
m_1461,139.3676,35.7497,330,0,177.549724,0.356436169
s_1462,140.5554,39.595,182.1,0,406.9656178,0.686313542
s_1463,139.7575,38.0621,428.3,0,95.52112416,0.267422381
m_1464,140.0716,39.684,194.5,0,383.4566845,0.638255731
s_1465,138.947,35.6132,536.7,0,48.47082029,0.208554666
s_1466,138.4844,36.0956,775.5,0,12.39553562,0.139016062
s_1467,141.2552,41.084,310.2,0,200.5376573,0.381588144
s_1468,141.1972,41.2948,239.1,0,303.7761228,0.508381146
s_1469,140.6667,39.7739,447.1,0,84.79603927,0.255057549
s_1470,140.7873,40.2152,358.7,0,148.4188857,0.325139813
s_1471,140.9972,41.1976,280.6,0,239.5720778,0.426178484
s_1472,138.1116,36.0454,185.4,0,400.6729458,0.672863866
s_1473,140.5659,40.2677,424.6,0,97.7895406,0.269991555
m_1474,140.7501,40.8226,600,0,33.08965542,0.184442691
s_1475,140.5629,39.2975,328.2,0,179.5391101,0.358591026
m_1476,139.0384,37.9233,600,0,33.08965542,0.184442691
s_1477,140.6398,41.0473,377.8,0,131.5758912,0.307072875
s_1478,139.1548,35.6154,641.3,0,25.98875226,0.171396773
s_1479,139.8127,38.914,600,0,33.08965542,0.184442691
m_1480,139.6722,35.2879,238.43,0,304.8990448,0.509955662
m_1481,143.1471,42.9268,317.7,0,191.5417486,0.371673124
s_1482,139.2048,35.3794,309.3,0,201.6411507,0.382811924
s_1483,139.1454,35.7304,775.5,0,12.39553562,0.139016062
s_1484,139.0956,35.8029,775.5,0,12.39553562,0.139016062
s_1485,139.3909,34.7852,600,0,33.08965542,0.184442691
s_1486,139.8697,37.9207,641.3,0,25.98875226,0.171396773
s_1487,139.3215,35.8401,414.9,0,103.9980698,0.276955799
s_1488,138.5918,36.6172,311.9,0,198.4673548,0.379296806
s_1489,141.3733,40.9665,256.4,0,275.7028492,0.4707133
s_1490,141.1411,41.8345,405.6,0,110.3214578,0.283961977
s_1491,139.0795,35.1424,641.3,0,25.98875226,0.171396773
s_1492,138.4096,35.7918,282.4,0,237.035761,0.423185947
s_1493,139.1442,37.8013,151.7,0,465.3974935,0.839340189
s_1494,141.0025,41.7162,600,0,33.08965542,0.184442691
s_1495,140.3222,35.1577,444.7,0,86.09353584,0.25657489
s_1496,139.5462,35.3192,382.9,0,127.398128,0.302568739
s_1497,138.813,35.4648,293.6,0,221.7285641,0.405431007
s_1498,138.7579,36.2287,641.3,0,25.98875226,0.171396773
s_1499,140.7501,40.8193,600,0,33.08965542,0.184442691
m_1500,140.3887,40.75,155.2,0,458.6833322,0.818505226
s_1501,140.3213,39.6069,331.1,0,176.3436983,0.355131431
m_1502,139.2572,35.7537,424.2,0,98.03801813,0.270272125
s_1503,139.8013,38.7292,165,0,439.8195198,0.765097569
s_1504,140.451,39.0384,510.4,0,57.0084399,0.220427906
s_1505,143.6588,42.8087,414,0,104.5938356,0.277619362
s_1506,138.5177,36.5133,320.6,0,188.1582883,0.367969931
s_1507,140.9155,40.9924,399.3,0,114.8209188,0.288903158
s_1508,139.6579,35.2727,370.2,0,138.0472209,0.314027152
m_1509,138.591,35.6853,641.3,0,25.98875226,0.171396773
s_1510,140.8219,41.1453,600,0,33.08965542,0.184442691
s_1511,140.0288,40.2032,194.5,0,383.4566845,0.638255731
m_1512,139.4728,35.6558,291.2,0,224.9398947,0.409114845
s_1513,138.9559,37.641,161.6,0,446.3701756,0.782855764
m_1514,139.3627,35.6599,297.8,0,216.1988096,0.39913436
m_1515,136.9178,35.0025,303.8,0,208.4973155,0.390456275
s_1516,140.1002,39.7225,160.1,0,449.2588839,0.790942443
s_1517,140.4473,40.8152,175,0,420.5698334,0.717061159
s_1518,139.4864,38.2301,279.1,0,241.7017873,0.428703263
s_1519,140.1902,39.1939,641.3,0,25.98875226,0.171396773
s_1520,139.9085,39.2022,194.5,0,383.4566845,0.638255731
s_1521,137.4861,36.0378,775.5,0,12.39553562,0.139016062
s_1522,139.9459,34.9707,386.3,0,124.6846848,0.299635385
s_1523,140.0716,39.883,207.5,0,359.3170507,0.59433346
s_1524,140.4326,40.9676,202.8,0,367.9733358,0.609530226
s_1525,139.0108,37.9146,194.5,0,383.4566845,0.638255731
s_1526,138.6069,35.4684,641.3,0,25.98875226,0.171396773
s_1527,143.2787,42.4984,425.7,0,97.10950651,0.269222843
s_1528,141.9279,42.575,159.7,0,450.0289885,0.793125861
s_1529,140.499,40.6018,298.2,0,215.6781348,0.398544399
s_1530,138.4649,35.2791,484.68,0,66.92486798,0.233352581
s_1531,139.4055,38.053,297,0,217.2432701,0.400319293
s_1532,138.2235,37.1607,260.2,0,269.7820782,0.463143414
s_1533,140.7428,40.3279,641.3,0,25.98875226,0.171396773
s_1534,137.2514,36.1536,641.3,0,25.98875226,0.171396773
s_1535,138.2241,34.7402,194.5,0,383.4566845,0.638255731
s_1536,139.8979,34.9083,415.9,0,103.3400977,0.276222046
s_1537,138.7841,34.7549,641.3,0,25.98875226,0.171396773
s_1538,139.5133,37.453,641.3,0,25.98875226,0.171396773
s_1539,138.4357,36.3281,317,0,192.3663416,0.372577669
s_1540,138.3113,34.8566,261.8,0,267.316313,0.460025158
s_1541,140.2631,40.2782,340.4,0,166.438195,0.344454326
s_1542,138.8834,37.7638,177.8,0,415.195707,0.704627085
s_1543,139.3375,37.9507,159.4,0,450.6064971,0.794770984
s_1544,138.9127,35.1971,286.9,0,230.7873254,0.415877155
s_1545,137.8374,35.5232,406.2,0,109.9021714,0.283499788
s_1546,143.4483,42.9283,252.7,0,281.554331,0.478314065
s_1547,138.8862,37.4261,641.3,0,25.98875226,0.171396773
m_1548,135.6009,34.7456,149.1,0,470.371773,0.855483752
s_1549,140.7383,41.7701,260.2,0,269.7820782,0.463143414
s_1550,140.0185,38.7895,641.3,0,25.98875226,0.171396773
m_1551,138.4808,35.6886,302.9,0,209.6377269,0.391734958
s_1552,141.601,42.79,282.3,0,237.1761139,0.423351147
s_1553,142.1346,42.7608,641.3,0,25.98875226,0.171396773
s_1554,137.9532,35.8282,427.2,0,96.18989421,0.268181304
s_1555,138.6213,35.1271,258.3,0,272.7311409,0.466899096
s_1556,138.8462,37.0364,400.3,0,114.0947756,0.288107927
s_1557,142.9353,42.1306,470.9,0,72.9723019,0.240888857
s_1558,141.8221,42.7655,298,0,215.9383426,0.398839172
s_1559,140.4031,39.995,393.4,0,119.1988471,0.293681553
s_1560,139.8466,39.8879,387.6,0,123.6621223,0.298528099
s_1561,137.9341,35.7304,372.9,0,135.714011,0.31152243
s_1562,137.6125,35.6079,775.5,0,12.39553562,0.139016062
s_1563,141.6057,42.6344,260.2,0,269.7820782,0.463143414
s_1564,138.5579,37.3724,194.5,0,383.4566845,0.638255731
s_1565,139.4412,34.6874,510.4,0,57.0084399,0.220427906
s_1566,141.0319,42.3483,349.1,0,157.6332806,0.335006625
s_1567,139.1378,34.9524,600,0,33.08965542,0.184442691
s_1568,139.1886,37.6935,300.8,0,212.3189938,0.394749836
s_1569,144.0697,42.9581,266.4,0,260.3177809,0.451279305
s_1570,138.3226,37.9976,187,0,397.6304876,0.666522291
s_1571,136.7404,35.1732,142.7,0,482.5509447,0.897860592
s_1572,138.962,37.2332,367.3,0,140.5958817,0.316760533
s_1573,138.3735,34.9649,300.6,0,212.5758373,0.395039276
s_1574,140.4801,41.1795,407.3,0,109.1375922,0.282656156
s_1575,144.4976,43.1486,400.3,0,114.0947756,0.288107927
s_1576,139.4961,38.4501,670.48,0,21.99513757,0.163195037
s_1577,137.3014,36.3322,775.5,0,12.39553562,0.139016062
s_1578,142.0543,42.4825,600,0,33.08965542,0.184442691
s_1579,139.4793,34.0745,600,0,33.08965542,0.184442691
s_1580,140.2965,40.5758,465.5,0,75.49570284,0.243970117
s_1581,140.3106,41.1281,600,0,33.08965542,0.184442691
s_1582,137.8507,36.5086,416.9,0,102.6863031,0.275491993
s_1583,143.1356,42.6975,334.8,0,172.3407843,0.350808868
s_1584,140.1976,40.7782,411.9,0,105.9972818,0.279179531
s_1585,143.4209,42.6181,430.9,0,93.95908702,0.265644747
s_1586,141.9342,43.8007,175.8,0,419.0333412,0.713466084
s_1587,138.366,36.8514,351.4,0,155.3783969,0.332591076
s_1588,141.3513,43.139,147.4,0,473.6167142,0.86636301
s_1589,143.2408,43.1694,341.2,0,165.6101296,0.343564423
s_1590,138.3321,35.432,641.3,0,25.98875226,0.171396773
s_1591,138.3792,36.7403,386.2,0,124.7636837,0.299720886
s_1592,142.8395,43.0736,321.2,0,187.4648208,0.367212526
s_1593,138.8431,37.4416,295.8,0,218.8177439,0.402109326
s_1594,140.8866,42.5533,459.4,0,78.45583417,0.247542434
s_1595,141.8204,42.8741,298,0,215.9383426,0.398839172
s_1596,138.444,37.1268,641.3,0,25.98875226,0.171396773
s_1597,138.7676,37.6421,438.8,0,89.3705365,0.260379216
s_1598,137.2877,37.4443,600,0,33.08965542,0.184442691
s_1599,138.2069,36.8069,444.4,0,86.25715129,0.256765769
s_1600,141.4486,41.4087,260.2,0,269.7820782,0.463143414
s_1601,136.9087,34.7788,271.9,0,252.1278008,0.441230151
s_1602,140.3695,41.9352,494.5,0,62.93858777,0.228251095
s_1603,137.5,35.4887,515.7,0,55.16635321,0.217932745
s_1604,137.9785,36.2564,641.3,0,25.98875226,0.171396773
s_1605,138.1191,36.5339,190.7,0,390.6188579,0.65228541
s_1606,138.3835,35.6382,641.3,0,25.98875226,0.171396773
s_1607,137.5314,34.7194,360.1,0,147.1179899,0.323747072
s_1608,138.4398,38.0745,600,0,33.08965542,0.184442691
s_1609,138.6529,37.0147,446.8,0,84.95712068,0.25524628
s_1610,141.3046,43.1721,260.2,0,269.7820782,0.463143414
s_1611,141.5524,42.9925,154.7,0,459.6435743,0.821421002
s_1612,139.7987,33.1194,543.7,0,46.43783753,0.205597649
s_1613,137.8255,35.9748,775.5,0,12.39553562,0.139016062
s_1614,138.0338,35.5787,775.5,0,12.39553562,0.139016062
s_1615,140.8658,42.4727,175,0,420.5698334,0.717061159
s_1616,136.6357,34.9704,187,0,397.6304876,0.666522291
s_1617,141.5171,43.2237,391.7,0,120.4904525,0.295086467
s_1618,144.3248,43.233,281.3,0,238.5832252,0.425009936
s_1619,138.3407,35.2435,641.3,0,25.98875226,0.171396773
s_1620,141.7904,42.9986,382.5,0,127.7211014,0.302917443
s_1621,137.7197,34.7102,282.1,0,237.4570151,0.423681916
s_1622,138.1281,34.6374,194.5,0,383.4566845,0.638255731
s_1623,137.7852,36.1833,775.5,0,12.39553562,0.139016062
s_1624,137.4258,35.6576,775.5,0,12.39553562,0.139016062
s_1625,138.1332,35.0969,775.5,0,12.39553562,0.139016062
s_1626,136.264,35.377,182.4,0,406.3926453,0.685069703
s_1627,140.247,41.4862,641.3,0,25.98875226,0.171396773
s_1628,137.1464,35.0812,360.4,0,146.8406252,0.323450106
s_1629,141.4021,42.7755,309.2,0,201.76408,0.382948362
s_1630,141.3499,42.5627,405.6,0,110.3214578,0.283961977
s_1631,144.5996,43.3033,269.2,0,256.1240235,0.446109444
s_1632,137.8591,36.2541,493.8,0,63.21426433,0.228607688
s_1633,137.8164,34.8738,437.5,0,90.1095967,0.26123196
s_1634,140.7672,42.9057,181.3,0,408.4943753,0.6896516
s_1635,135.8352,34.6683,446.9,0,84.90339193,0.25518334
s_1636,137.5295,35.8132,775.5,0,12.39553562,0.139016062
s_1637,136.75,35.2976,192.9,0,386.4672122,0.644092161
s_1638,144.4629,43.8565,266.8,0,259.7155944,0.45053377
s_1639,136.9747,36.866,414.1,0,104.5274708,0.277545484
s_1640,140.6877,42.8077,405.6,0,110.3214578,0.283961977
s_1641,141.0814,42.4211,325,0,183.1247763,0.362483852
s_1642,138.2669,36.2564,503.1,0,59.65378366,0.223955159
s_1643,142.0525,43.7243,331,0,176.4530334,0.355249667
s_1644,137.385,36.5781,405.6,0,110.3214578,0.283961977
s_1645,136.8639,34.9965,239.4,0,303.2741582,0.507679141
s_1646,140.3539,42.4944,166.5,0,436.9292088,0.757505235
s_1647,138.8194,34.6469,641.3,0,25.98875226,0.171396773
s_1648,138.7941,34.9113,356.7,0,150.2960495,0.32714938
s_1649,140.9244,41.5267,600,0,33.08965542,0.184442691
s_1650,137.4047,34.7549,160.9,0,447.7183855,0.786609827
s_1651,137.1406,36.5864,467.6,0,74.50373387,0.242762961
s_1652,140.9697,41.9051,464.4,0,76.02078662,0.244607017
s_1653,138.1938,36.6486,378.4,0,131.0776044,0.306536353
s_1654,137.2158,35.3882,407.3,0,109.1375922,0.282656156
s_1655,138.9466,34.9771,641.3,0,25.98875226,0.171396773
s_1656,140.6958,41.8995,641.3,0,25.98875226,0.171396773
s_1657,140.82,43.0846,510.4,0,57.0084399,0.220427906
s_1658,137.8136,35.0916,775.5,0,12.39553562,0.139016062
s_1659,136.9737,35.0632,354.1,0,152.7695884,0.329797499
s_1660,138.2507,37.0228,319.4,0,189.5519606,0.369493715
s_1661,141.6635,43.3443,413.9,0,104.6602425,0.277693279
s_1662,141.5275,43.8515,600,0,33.08965542,0.184442691
s_1663,141.0791,42.6711,405.6,0,110.3214578,0.283961977
s_1664,137.5086,35.2159,775.5,0,12.39553562,0.139016062
s_1665,137.245,35.8029,775.5,0,12.39553562,0.139016062
s_1666,136.7783,36.8918,260.2,0,269.7820782,0.463143414
s_1667,139.5889,38.6276,641.3,0,25.98875226,0.171396773
s_1668,136.5073,35.0279,336.8,0,170.2112945,0.348513891
s_1669,137.9981,34.7699,298.9,0,214.7694477,0.39751596
s_1670,140.5633,42.0963,268.2,0,257.6160172,0.4479428
s_1671,138.8008,34.7903,641.3,0,25.98875226,0.171396773
s_1672,137.7078,35.8562,775.5,0,12.39553562,0.139016062
s_1673,138.1973,35.307,775.5,0,12.39553562,0.139016062
s_1674,137.0253,36.2734,775.5,0,12.39553562,0.139016062
s_1675,139.9284,40.6363,428.4,0,95.46056115,0.267353591
s_1676,142.3995,42.9805,775.5,0,12.39553562,0.139016062
s_1677,140.8064,42.0436,270,0,254.9350597,0.444653034
s_1678,137.387,35.3009,463.1,0,76.6462437,0.245363817
s_1679,136.2946,35.0701,513.4,0,55.95781979,0.219008901
s_1680,138.4337,38.2584,600,0,33.08965542,0.184442691
s_1681,137,35.4426,332.5,0,174.8193667,0.353483975
s_1682,136.2421,35.2493,178.9,0,413.0874371,0.699854135
s_1683,142.4484,42.8775,525.5,0,51.9258496,0.213458273
s_1684,137.4039,35.4495,411.6,0,106.1993062,0.279403779
s_1685,137.8694,36.3378,400.7,0,113.8055909,0.287791003
s_1686,137.8482,36.6984,400.3,0,114.0947756,0.288107927
s_1687,136.9039,37.2307,398.9,0,115.1126527,0.289222423
s_1688,138.2795,37.8205,432,0,93.30606118,0.26489944
s_1689,135.6394,34.7405,166.2,0,437.5072528,0.75901218
s_1690,137.2831,36.6086,345.7,0,161.0220397,0.338639343
s_1691,137.0447,34.9119,295,0,219.8725859,0.403311185
s_1692,135.4683,34.7668,315.6,0,194.0247735,0.374399414
s_1693,139.4515,42.0661,269.5,0,255.6776793,0.445562226
s_1694,137.26,35.9515,775.5,0,12.39553562,0.139016062
s_1695,137.8544,36.6981,411.4,0,106.334203,0.279553468
s_1696,137.8624,37.0235,207.5,0,359.3170507,0.59433346
s_1697,140.3049,42.6679,431.9,0,93.36523596,0.26496703
s_1698,140.127,41.8691,207.5,0,359.3170507,0.59433346
s_1699,136.4943,35.1718,360.2,0,147.0254802,0.323648025
s_1700,143.7483,43.4716,775.5,0,12.39553562,0.139016062
s_1701,136.9681,37.0427,161,0,447.5257986,0.786071432
s_1702,142.6837,43.6249,510.4,0,57.0084399,0.220427906
s_1703,135.9084,35.5479,165.9,0,438.0853091,0.760524854
s_1704,142.2255,45.2141,760,0,13.45453561,0.142143678
s_1705,136.4493,34.8569,477,0,70.22748096,0.237496315
s_1706,140.1115,41.4339,641.3,0,25.98875226,0.171396773
s_1707,135.5099,34.7255,166,0,437.8926225,0.76001999
s_1708,138.4981,37.9204,775.5,0,12.39553562,0.139016062
s_1709,144.0272,43.7055,441.1,0,88.07812138,0.258883452
s_1710,137.2606,34.6728,407.8,0,108.7918086,0.282274268
s_1711,140.6436,42.5894,277.7,0,243.7027201,0.431085593
s_1712,135.7519,35.4965,207.5,0,359.3170507,0.59433346
s_1713,135.6058,34.5577,167.4,0,435.1951838,0.753018452
s_1714,136.0854,35.0051,372.9,0,135.714011,0.31152243
s_1715,136.0575,35.6447,163.2,0,443.2878326,0.774402093
s_1716,141.75,44.8845,408.2,0,108.5159676,0.281969466
s_1717,139.9827,40.3888,455.5,0,80.41128318,0.2498791
s_1718,137.8975,34.9816,775.5,0,12.39553562,0.139016062
s_1719,136.4546,34.8702,367,0,140.8620774,0.317045889
s_1720,137.4192,36.8163,422.3,0,99.22702682,0.271612465
s_1721,139.9815,42.1297,641.3,0,25.98875226,0.171396773
s_1722,137.9336,36.0056,775.5,0,12.39553562,0.139016062
s_1723,135.8965,34.9718,207.5,0,359.3170507,0.59433346
s_1724,140.2636,42.2586,159.6,0,450.2214983,0.793673513
s_1725,142.1612,44.2806,431.3,0,93.72108708,0.265373264
s_1726,136.2307,34.9043,494.3,0,63.01722243,0.228352871
s_1727,136.9153,35.2979,310.5,0,200.1709734,0.381181874
s_1728,137.5274,36.8624,447.64,0,84.50688416,0.254718504
s_1729,136.8872,36.56,380.3,0,129.5116816,0.304849101
s_1730,142.1594,44.2803,431.3,0,93.72108708,0.265373264
s_1731,135.3499,34.7463,289.1,0,227.7805672,0.412390955
s_1732,136.5714,35.4829,319.2,0,189.785114,0.36974885
s_1733,143.1277,44.4796,230.9,0,317.6934604,0.528312583
s_1734,135.7272,34.7154,390.4,0,121.4873939,0.296169491
s_1735,136.0587,34.8779,775.5,0,12.39553562,0.139016062
s_1736,143.578,43.6707,641.3,0,25.98875226,0.171396773
s_1737,137.147,37.308,397.9,0,115.8451921,0.290023539
s_1738,137.2056,35.1979,376.4,0,132.7456679,0.308331754
s_1739,139.9976,41.6487,775.5,0,12.39553562,0.139016062
s_1740,136.0243,35.4215,348.9,0,157.8307826,0.335218254
s_1741,136.9083,37.3919,641.3,0,25.98875226,0.171396773
s_1742,140.7818,43.1974,207.5,0,359.3170507,0.59433346
s_1743,136.6431,36.5419,284.3,0,234.3814354,0.42007035
s_1744,140.0175,42.4286,452.1,0,82.15717577,0.251950777
s_1745,135.5958,34.8573,390.4,0,121.4873939,0.296169491
s_1746,136.9072,35.5454,354.4,0,152.4822524,0.329489862
s_1747,142.3427,44.4806,339.8,0,167.061718,0.345124643
s_1748,136.1151,34.7677,404.1,0,111.3766404,0.285123764
s_1749,136.9508,36.0622,641.3,0,25.98875226,0.171396773
s_1750,140.5094,42.9793,202.2,0,369.084507,0.61152371
s_1751,140.5302,42.8051,421.9,0,99.47919387,0.271896259
s_1752,142.4675,43.5885,405.6,0,110.3214578,0.283961977
s_1753,137.22,34.8263,436.8,0,90.51013589,0.26169334
s_1754,136.9528,36.0333,775.5,0,12.39553562,0.139016062
s_1755,140.3758,42.1244,641.3,0,25.98875226,0.171396773
s_1756,136.2065,35.5398,187.1,0,397.4405328,0.666129726
s_1757,135.551,35.4904,600,0,33.08965542,0.184442691
s_1758,137.0353,36.4411,641.3,0,25.98875226,0.171396773
s_1759,135.5638,35.017,181.4,0,408.3032157,0.689232651
s_1760,140.9364,42.7977,405.6,0,110.3214578,0.283961977
s_1761,136.3154,36.3028,381.8,0,128.2882154,0.303529524
s_1762,136.8978,36.2742,487.9,0,65.58917672,0.231656007
s_1763,137.1191,35.5424,775.5,0,12.39553562,0.139016062
s_1764,137.5761,34.9335,775.5,0,12.39553562,0.139016062
s_1765,142.3519,45.1266,760,0,13.45453561,0.142143678
s_1766,135.3917,34.4402,416.4,0,103.0126796,0.275856559
s_1767,141.7667,45.103,168.8,0,432.4982966,0.746138925
s_1768,137.1617,35.6637,447.3,0,84.68882626,0.254931876
s_1769,141.8573,44.0489,641.3,0,25.98875226,0.171396773
s_1770,139.8537,42.4502,388.6,0,122.8811044,0.297681638
s_1771,141.6642,44.1486,396.3,0,117.0268267,0.291314164
s_1772,141.3685,43.7735,641.3,0,25.98875226,0.171396773
s_1773,136.1073,34.6285,641.3,0,25.98875226,0.171396773
s_1774,136.4432,36.3967,182.4,0,406.3926453,0.685069703
s_1775,135.921,35.2001,260.2,0,269.7820782,0.463143414
s_1776,140.2512,41.7492,478,0,69.78793028,0.23694884
s_1777,136.7414,35.5912,775.5,0,12.39553562,0.139016062
s_1778,142.5695,43.909,363.9,0,143.6409194,0.320023524
s_1779,137.1078,34.6221,260.2,0,269.7820782,0.463143414
s_1780,136.8232,34.2544,429.1,0,95.03770949,0.266873005
s_1781,136.9808,35.7593,775.5,0,12.39553562,0.139016062
s_1782,136.4761,35.2921,490.1,0,64.69277965,0.230510327
s_1783,135.7191,34.5169,300.8,0,212.3189938,0.394749836
s_1784,140.004,42.1344,641.3,0,25.98875226,0.171396773
s_1785,136.6045,36.3575,499.6,0,60.96812505,0.225684749
s_1786,137.6257,36.976,641.3,0,25.98875226,0.171396773
s_1787,137.1764,37.4999,533.08,0,49.55966087,0.210115899
s_1788,135.2549,34.3755,340,0,166.8536411,0.344900927
s_1789,136.7334,34.4908,237.6,0,306.2936916,0.511919126
s_1790,136.9079,37.2262,398.9,0,115.1126527,0.289222423
s_1791,140.9935,43.1907,253.3,0,280.5996878,0.477065652
s_1792,140.0616,42.7011,641.3,0,25.98875226,0.171396773
s_1793,134.9899,34.7976,451.8,0,82.31309359,0.252135145
s_1794,136.0137,36.0386,600,0,33.08965542,0.184442691
s_1795,136.8311,35.9219,405.6,0,110.3214578,0.283961977
s_1796,135.196,35.5354,207.5,0,359.3170507,0.59433346
s_1797,142.1484,44.0071,188.6,0,394.5941408,0.660293752
s_1798,140.6219,42.9758,317.7,0,191.5417486,0.371673124
s_1799,143.7747,44.0185,473.7,0,71.69870072,0.239320223
s_1800,136.4715,35.2834,490.1,0,64.69277965,0.230510327
s_1801,142.6419,44.3111,364.7,0,142.918866,0.319250008
s_1802,139.552,42.2397,600,0,33.08965542,0.184442691
s_1803,135.4305,34.2755,439,0,89.25738621,0.260248495
s_1804,135.8047,34.8784,398.2,0,115.6249487,0.28978276
s_1805,136.4996,34.2777,775.5,0,12.39553562,0.139016062
s_1806,136.6897,37.1602,435.4,0,91.31667613,0.262620779
s_1807,135.9184,35.3476,775.5,0,12.39553562,0.139016062
s_1808,136.4882,35.6365,775.5,0,12.39553562,0.139016062
s_1809,135.9512,34.528,400.4,0,114.0224113,0.288028634
s_1810,134.285,34.0905,760,0,13.45453561,0.142143678
s_1811,136.1743,35.9067,308.1,0,203.1205173,0.384455322
s_1812,136.3365,34.6435,444.5,0,86.20257735,0.256702113
s_1813,140.2305,42.7904,600,0,33.08965542,0.184442691
s_1814,132.7449,35.3611,760,0,13.45453561,0.142143678
s_1815,140.3791,43.3235,600,0,33.08965542,0.184442691
s_1816,134.2198,35.4853,760,0,13.45453561,0.142143678
s_1817,134.6098,34.203,760,0,13.45453561,0.142143678
s_1818,134.8941,35.6037,222.8,0,331.7988211,0.549517583
s_1819,135.8188,34.9962,775.5,0,12.39553562,0.139016062
s_1820,133.9068,33.5014,760,0,13.45453561,0.142143678
s_1821,142.0717,44.8116,173.3,0,423.8372594,0.724816569
s_1822,136.1998,35.7731,416.2,0,103.1435217,0.276002643
s_1823,141.1651,42.9721,534.1,0,49.25021791,0.209673743
s_1824,135.6883,34.3408,479.4,0,69.17740284,0.236186407
s_1825,139.8287,42.5949,641.3,0,25.98875226,0.171396773
s_1826,134.4192,33.6692,760,0,13.45453561,0.142143678
s_1827,135.1041,35.169,396.7,0,116.7303095,0.290990482
s_1828,135.5816,34.4366,374.8,0,134.0948074,0.309782577
s_1829,135.1694,34.2288,183.8,0,403.7211203,0.679321531
s_1830,135.1583,34.6898,775.5,0,12.39553562,0.139016062
s_1831,135.1022,35.7406,260.2,0,269.7820782,0.463143414
s_1832,140.6014,43.2921,641.3,0,25.98875226,0.171396773
s_1833,139.8184,42.2286,775.5,0,12.39553562,0.139016062
s_1834,136.3348,34.3624,775.5,0,12.39553562,0.139016062
s_1835,134.7292,34.2499,439.4,0,89.03152501,0.25998743
s_1836,134.39,34.7551,760,0,13.45453561,0.142143678
s_1837,142.2908,44.9698,449.6,0,83.46585988,0.253495085
s_1838,135.1524,33.8908,164.7,0,440.397593,0.766633481
s_1839,134.6284,35.6411,760,0,13.45453561,0.142143678
s_1840,143.0774,44.1915,450.6,0,82.93982489,0.2528752
s_1841,135.7667,35.2497,775.5,0,12.39553562,0.139016062
s_1842,135.2713,34.9515,434.9,0,91.60650003,0.262953528
s_1843,136.3329,34.4283,775.5,0,12.39553562,0.139016062
s_1844,135.7552,33.938,775.5,0,12.39553562,0.139016062
s_1845,135.9541,34.3383,775.5,0,12.39553562,0.139016062
s_1846,135.2919,35.6767,377.85,0,131.5342976,0.307028097
s_1847,142.5691,44.545,441.6,0,87.79970313,0.258560453
s_1848,134.0374,34.3473,760,0,13.45453561,0.142143678
s_1849,135.7369,34.2213,775.5,0,12.39553562,0.139016062
s_1850,135.1777,35.0593,505,0,58.9529236,0.223026788
s_1851,135.9188,33.8764,641.3,0,25.98875226,0.171396773
s_1852,135.3891,35.4759,315.1,0,194.6200637,0.375054161
s_1853,135.9813,33.7209,641.3,0,25.98875226,0.171396773
s_1854,136.6247,36.1805,775.5,0,12.39553562,0.139016062
s_1855,136.0046,34.1352,775.5,0,12.39553562,0.139016062
s_1856,132.9068,34.3413,760,0,13.45453561,0.142143678
