event_id,event_id_EMDAT,Region,Country,ISO3,ISO2,Year_Event,Economic_Loss,CPI,Builtup_Growth_ID0,VRF_ID0,Economic_Loss_Adjusted
1,1975-0014-IND,South_Asia,India,IND,IN,1975,,2.786184943,5.042736121,0.703860416,
2,1975-0017-CHN,East_Asia,China,CHN,CN,1975,,,5.264545533,0.368856717,
3,1975-0053-TUR,Europe,Turkiye,TUR,TR,1975,17000000,2.877938752,2.281228243,0.697907148,77892717.31
4,1975-0155-USA,North_America,United_States,USA,US,1975,1000000,5.828841747,1.963940663,0.639537382,7321103.744
6,1976-0024-GTM,Caribbean_Central_America,Guatemala,GTM,GT,1976,1000000000,7.31704073,3.212087802,0.646669416,15198656594
7,1976-0028-AFG,South_Asia,Afghanistan,AFG,AF,1976,,,3.167327927,0.990776507,
8,1976-0029-TUR,Europe,Turkiye,TUR,TR,1976,,2.723554702,2.255172761,0.698696362,
9,1976-0033-ECU,South_America,Ecuador,ECU,EC,1976,4000000,3.432435793,2.147896891,0.590049161,17400592.63
10,1976-0037-ITA,Europe,Italy,ITA,IT,1976,3600000000,5.25606344,1.829395242,0.760783884,26334916695
11,1976-0043-IDN,Southeast_Asia,Indonesia,IDN,ID,1976,25000000,1.340816473,2.806772654,0.83918205,78953751.12
12,1976-0047-IDN,Southeast_Asia,Indonesia,IDN,ID,1976,195000000,1.340816473,2.806772654,0.83918205,615839258.8
13,1976-0050-CHN,East_Asia,China,CHN,CN,1976,5600000000,,4.99770296,0.370391391,
14,1976-0054-PHL,Southeast_Asia,Philippines,PHL,PH,1976,134000000,4.611413957,2.981302303,0.825253705,1520310891
16,1976-0056-TUR,Europe,Turkiye,TUR,TR,1976,,2.723554702,2.255172761,0.698696362,
17,1976-0068-ECU,South_America,Ecuador,ECU,EC,1976,20000000,3.432435793,2.147896891,0.590049161,87002963.17
18,1976-0071-IDN,Southeast_Asia,Indonesia,IDN,ID,1976,,1.340816473,2.806772654,0.83918205,
19,1976-0072-IRN,Middle_East,Iran,IRN,IR,1976,,12.20443751,2.269991558,0.593269935,
20,1976-0075-TUR,Europe,Turkiye,TUR,TR,1976,25000000,2.723554702,2.255172761,0.698696362,107286335.3
21,1976-0195-ITA,Europe,Italy,ITA,IT,1976,,5.25606344,1.829395242,0.760783884,
22,1976-0196-ITA,Europe,Italy,ITA,IT,1976,,5.25606344,1.829395242,0.760783884,
23,1977-0048-BGR,Europe,Bulgaria,BGR,BG,1977,,,1.747791077,0.710365131,
24,1977-0048-ROU,Europe,Romania,ROU,RO,1977,2000000000,,2.061642446,0.583515499,
25,1977-0050-PHL,Southeast_Asia,Philippines,PHL,PH,1977,100000,4.174945578,2.866682146,0.825253705,987683.6016
26,1977-0051-IRN,Middle_East,Iran,IRN,IR,1977,,9.641940354,2.243503641,0.594069476,
27,1977-0052-TUR,Europe,Turkiye,TUR,TR,1977,,2.424289195,2.229705754,0.699469479,
28,1977-0057-IRN,Middle_East,Iran,IRN,IR,1977,,9.641940354,2.243503641,0.594069476,
29,1977-0059-SLB,Oceania,Solomon_Islands,SLB,SB,1977,,,1.66523494,1,
30,1977-0071-IRN,Middle_East,Iran,IRN,IR,1977,,9.641940354,2.243503641,0.594069476,
31,1977-0106-IDN,Southeast_Asia,Indonesia,IDN,ID,1977,1200000,1.20737623,2.674630607,0.83918205,3251950.031
32,1977-0137-ARG,South_America,Argentina,ARG,AR,1977,80000000,,1.73519279,0.681574133,
33,1977-0140-IRN,Middle_East,Iran,IRN,IR,1977,,9.641940354,2.243503641,0.594069476,
34,1977-0142-IRN,Middle_East,Iran,IRN,IR,1977,,9.641940354,2.243503641,0.594069476,
35,1977-0251-IDN,Southeast_Asia,Indonesia,IDN,ID,1977,,1.20737623,2.674630607,0.83918205,
36,1978-0027-JPN,East_Asia,Japan,JPN,JP,1978,,2.404288324,1.582054589,0.78392161,
37,1978-0057-ITA,Europe,Italy,ITA,IT,1978,,4.081756897,1.781413839,0.762037542,
38,1978-0080-JPN,East_Asia,Japan,JPN,JP,1978,865000000,2.404288324,1.582054589,0.78392161,2579269699
39,1978-0081-GRC,Europe,Greece,GRC,GR,1978,250000000,4.207282958,1.73497392,0.636918913,1162301574
40,1978-0115-IRN,Middle_East,Iran,IRN,IR,1978,50000000,8.612985767,2.217626756,0.594852656,568095817.2
41,1978-0135-MEX,North_America,Mexico,MEX,MX,1978,,4.333481535,2.823675569,0.825897107,
42,1978-0141-IRN,Middle_East,Iran,IRN,IR,1978,,8.612985767,2.217626756,0.594852656,
44,1979-0018-IRN,Middle_East,Iran,IRN,IR,1979,,7.795457668,2.192339999,0.595619973,
45,1979-0025-PER,South_America,Peru,PER,PE,1979,,11.97860962,1.677564399,0.683837167,
46,1979-0032-MEX,North_America,Mexico,MEX,MX,1979,30000000,3.672635286,2.759065754,0.825897107,251065508.3
47,1979-0039-ALB,Europe,Albania,ALB,AL,1979,,,2.190353363,0.654397734,
48,1979-0054-IDN,Southeast_Asia,Indonesia,IDN,ID,1979,4150000,1.442501868,2.444461519,0.83918205,12280155.66
49,1979-0063-CHN,East_Asia,China,CHN,CN,1979,,,4.338057217,0.374240541,
51,1979-0086-IDN,Southeast_Asia,Indonesia,IDN,ID,1979,,1.442501868,2.444461519,0.83918205,
53,1979-0102-IDN,Southeast_Asia,Indonesia,IDN,ID,1979,16000000,1.442501868,2.444461519,0.83918205,47345178.43
54,1979-0103-IRN,Middle_East,Iran,IRN,IR,1979,,7.795457668,2.192339999,0.595619973,
55,1979-0106-COL,South_America,Colombia,COL,CO,1979,20000000,2.439408245,1.825101766,0.791915893,70514856.59
56,1979-0107-IRN,Middle_East,Iran,IRN,IR,1979,,7.795457668,2.192339999,0.595619973,
57,1979-0113-COL,South_America,Colombia,COL,CO,1979,8000000,2.439408245,1.825101766,0.791915893,28205942.64
58,1979-0114-IDN,Southeast_Asia,Indonesia,IDN,ID,1979,,1.442501868,2.444461519,0.83918205,
59,1979-0115-IDN,Southeast_Asia,Indonesia,IDN,ID,1979,,1.442501868,2.444461519,0.83918205,
60,1979-0216-ITA,Europe,Italy,ITA,IT,1979,,3.480999229,1.758354763,0.7626415,
62,1980-0001-AZO,Europe,Portugal,PRT,PT,1980,5000000,,2.122232269,0.581918201,
63,1980-0051-MEX,North_America,Mexico,MEX,MX,1980,,2.925238457,2.697346531,0.825897107,
64,1980-0071-NPL,South_Asia,Nepal,NPL,NP,1980,245000000,2.440659812,3.917194208,0.656520716,1537789435
65,1980-0081-ECU,South_America,Ecuador,ECU,EC,1980,,2.180524381,1.929081668,0.623456783,
66,1980-0084-IND,South_Asia,India,IND,IN,1980,,2.155077917,3.904263683,0.703860416,
68,1980-0092-JPN,East_Asia,Japan,JPN,JP,1980,1000000,2.317744615,1.559692639,0.784655191,2836504.359
69,1980-0096-DZA,Africa,Algeria,DZA,DZ,1980,5200000000,,2.029130063,0.815265032,
70,1980-0097-MEX,North_America,Mexico,MEX,MX,1980,5000000,2.925238457,2.697346531,0.825897107,32583217.54
71,1980-0100-PER,South_America,Peru,PER,PE,1980,1000000,9.675064109,1.640542884,0.694091119,11016862.43
72,1980-0103-ITA,Europe,Italy,ITA,IT,1980,20000000000,2.963878033,1.735885024,0.763230944,78535723655
73,1980-0108-IRN,Middle_East,Iran,IRN,IR,1980,5000000,6.474358504,2.167623411,0.596371905,41847330.26
74,1980-0109-IRN,Middle_East,Iran,IRN,IR,1980,1000000,6.474358504,2.167623411,0.596371905,8369466.053
76,1980-0239-GRC,Europe,Greece,GRC,GR,1980,5000000,3.286276969,1.697843985,0.641474091,17895797.96
77,1980-0264-IRN,Middle_East,Iran,IRN,IR,1980,,6.474358504,2.167623411,0.596371905,
78,1981-0025-IDN,Southeast_Asia,Indonesia,IDN,ID,1981,5000000,1.103771648,2.250768481,0.83918205,10424044.33
79,1981-0026-CHN,East_Asia,China,CHN,CN,1981,,,3.987209898,0.38724727,
80,1981-0033-GRC,Europe,Greece,GRC,GR,1981,900000000,3.431711407,1.679868667,0.643702829,3339750438
81,1981-0056-IRN,Middle_East,Iran,IRN,IR,1981,5000000,5.7820726,2.143457923,0.597108908,37001732.36
82,1981-0057-PER,South_America,Peru,PER,PE,1981,,8.063084719,1.605120115,0.704194331,
83,1981-0067-IRN,Middle_East,Iran,IRN,IR,1981,1000000000,5.7820726,2.143457923,0.597108908,7400346472
84,1981-0081-PAK,South_Asia,Pakistan,PAK,PK,1981,5000000,1.336976748,3.491026665,0.719150359,16782889.17
85,1981-0091-COL,South_America,Colombia,COL,CO,1981,5000000,1.936815204,1.75373522,0.791915893,13449349.29
86,1981-0093-MEX,North_America,Mexico,MEX,MX,1981,,2.442300746,2.638328161,0.825897107,
87,1981-0122-GRC,Europe,Greece,GRC,GR,1981,,3.431711407,1.679868667,0.643702829,
89,1981-0127-PAK,South_Asia,Pakistan,PAK,PK,1981,,1.336976748,3.491026665,0.719150359,
90,1981-0211-PER,South_America,Peru,PER,PE,1981,,8.063084719,1.605120115,0.704194331,
91,1981-0224-ITA,Europe,Italy,ITA,IT,1981,500000,3.334734616,1.713982313,0.763806391,2182834.986
92,1982-0031-IDN,Southeast_Asia,Indonesia,IDN,ID,1982,3500000,1.055867939,2.164994112,0.83918205,6714142.474
94,1982-0036-JPN,East_Asia,Japan,JPN,JP,1982,1000000,2.36210438,1.53795404,0.78536964,2853097.09
95,1982-0068-CHN,East_Asia,China,CHN,CN,1982,,,3.832240602,0.398938085,
96,1982-0081-SLV,Caribbean_Central_America,El_Salvador,SLV,SV,1982,5000000,5.105221926,2.537843222,0.660994102,42820033.61
97,1982-0106-ITA,Europe,Italy,ITA,IT,1982,35000000,3.406262874,1.692625435,0.764368334,154244524
98,1982-0127-AFG,South_Asia,Afghanistan,AFG,AF,1982,1000000,,2.70924648,0.990776507,
99,1982-0128-IDN,Southeast_Asia,Indonesia,IDN,ID,1982,1450000,1.055867939,2.164994112,0.83918205,2781573.31
100,1982-0131-YMN,Middle_East,Yemen,YEM,YE,1982,2000000000,,2.27405209,0.986415206,
102,1982-0161-ALB,Europe,Albania,ALB,AL,1982,5000000,,2.095414337,0.657766802,
103,1982-0291-MEX,North_America,Mexico,MEX,MX,1982,,3.535948663,2.581837155,0.825897107,
104,1982-0293-PER,South_America,Peru,PER,PE,1982,5000000,8.098757356,1.571194718,0.714150101,45436817.46
106,1982-0410-MEX,North_America,Mexico,MEX,MX,1982,,3.535948663,2.581837155,0.825897107,
107,1983-0058-IRN,Middle_East,Iran,IRN,IR,1983,5000000,4.485551044,2.096708128,0.598539875,28146012.4
108,1983-0059-COL,South_America,Colombia,COL,CO,1983,410900000,1.879143922,1.687739905,0.791915893,1032002532
109,1983-0065-CRI,Caribbean_Central_America,Costa_Rica,CRI,CR,1983,1000000,,2.290597506,0.702789778,
110,1983-0067-IDN,Southeast_Asia,Indonesia,IDN,ID,1983,1000000,1.298318948,2.085517289,0.83918205,2272225.22
111,1983-0070-PER,South_America,Peru,PER,PE,1983,500000,8.95496237,1.538673714,0.723961636,4987648.699
112,1983-0092-CRI,Caribbean_Central_America,Costa_Rica,CRI,CR,1983,5000000,,2.290597506,0.702789778,
113,1983-0109-PHL,Southeast_Asia,Philippines,PHL,PH,1983,2227000,3.064659044,2.329351851,0.825253705,13119731.85
115,1983-0127-CHL,South_America,Chile,CHL,CL,1983,1000000,1.94411169,1.780540978,0.618860969,2142230.89
116,1983-0136-TUR,Europe,Turkiye,TUR,TR,1983,25000000,2.528042244,2.088216067,0.703796114,92885224.13
117,1983-0144-CHN,East_Asia,China,CHN,CN,1983,5000000,,3.688866885,0.410400827,
118,1983-0161-GIN,Africa,Guinea,GIN,GN,1983,8000000,,2.672444822,1,
119,1983-0162-PNG,Oceania,Papua_New_Guinea,PNG,PG,1983,25000000,,1.764763918,0.711891901,
120,1983-0166-AFG,South_Asia,Afghanistan,AFG,AF,1983,3000000,,2.6454785,0.990776507,
122,1983-0174-USA,North_America,United_States,USA,US,1983,31000000,3.149486278,1.73986464,0.659484941,112026755.8
123,1983-0197-USA,North_America,United_States,USA,US,1983,6250000,3.149486278,1.73986464,0.659484941,22586039.48
124,1983-0432-IRN,Middle_East,Iran,IRN,IR,1983,5000000,4.485551044,2.096708128,0.598539875,28146012.4
125,1983-0437-JPN,East_Asia,Japan,JPN,JP,1983,,2.210436268,1.527310408,0.785719923,
126,1983-0514-USA,North_America,United_States,USA,US,1983,15000000,3.149486278,1.73986464,0.659484941,54206494.75
127,1983-0538-IDN,Southeast_Asia,Indonesia,IDN,ID,1983,,1.298318948,2.085517289,0.83918205,
129,1984-0015-IDN,Southeast_Asia,Indonesia,IDN,ID,1984,500000,1.326262455,2.011669021,0.83918205,1119469.314
130,1984-0038-ITA,Europe,Italy,ITA,IT,1984,25000000,3.48353741,1.651469544,0.765453564,110090515.6
131,1984-0047-ITA,Europe,Italy,ITA,IT,1984,,3.48353741,1.651469544,0.765453564,
132,1984-0072-IDN,Southeast_Asia,Indonesia,IDN,ID,1984,1000000,1.326262455,2.011669021,0.83918205,2238938.629
133,1984-0084-JPN,East_Asia,Japan,JPN,JP,1984,43000000,2.161648941,1.516813085,0.786065696,110826732.9
134,1984-0086-TUR,Europe,Turkiye,TUR,TR,1984,,2.770726542,2.066361995,0.70446917,
135,1984-0124-IND,South_Asia,India,IND,IN,1984,,2.105956583,3.306983282,0.703860416,
136,1984-0274-ITA,Europe,Italy,ITA,IT,1984,,3.48353741,1.651469544,0.765453564,
137,1984-0309-AFG,South_Asia,Afghanistan,AFG,AF,1984,5000000,,2.584643325,0.990776507,
139,1984-0339-PAK,South_Asia,Pakistan,PAK,PK,1984,,1.587419519,3.164522603,0.719150359,
140,1984-0413-TUR,Europe,Turkiye,TUR,TR,1984,,2.770726542,2.066361995,0.70446917,
141,1985-0024-ARG,South_America,Argentina,ARG,AR,1985,,,1.57429633,0.696022546,
142,1985-0027-IRN,Middle_East,Iran,IRN,IR,1985,,4.025663656,2.051954074,0.599916194,
143,1985-0041-CHL,South_America,Chile,CHL,CL,1985,1500000000,2.533641302,1.73572093,0.62974424,4154133921
144,1985-0055-CHN,East_Asia,China,CHN,CN,1985,,,3.432062761,0.43266828,
145,1985-0078-PAK,South_Asia,Pakistan,PAK,PK,1985,2000000,1.704416499,3.068849522,0.719150359,7523172.515
146,1985-0101-CHN,East_Asia,China,CHN,CN,1985,,,3.432062761,0.43266828,
147,1985-0109-MEX,North_America,Mexico,MEX,MX,1985,4104000000,3.056459713,2.426002854,0.825897107,25132939176
148,1985-0110-IDN,Southeast_Asia,Indonesia,IDN,ID,1985,,1.370903463,1.942871837,0.83918205,
150,1985-0171-PHL,Southeast_Asia,Philippines,PHL,PH,1985,,2.772717692,2.192372567,0.825253705,
153,1985-0227-PNG,Oceania,Papua_New_Guinea,PNG,PG,1985,1000000,,1.69652397,0.730676055,
154,1985-0386-DZA,Africa,Algeria,DZA,DZ,1985,1000000,,1.868892529,0.818260925,
155,1986-0051-PER,South_America,Peru,PER,PE,1986,22000000,7.784738921,1.452454393,0.751328036,186895494.5
156,1986-0058-TUR,Europe,Turkiye,TUR,TR,1986,,2.611966454,2.002089205,0.706456108,
157,1986-0074-VEN,South_America,Venezuela,VEN,VE,1986,1000000,,1.894784817,0.632214921,
158,1986-0076-PNG,Oceania,Papua_New_Guinea,PNG,PG,1986,500000,,1.669606092,0.738361138,
159,1986-0113-GRC,Europe,Greece,GRC,GR,1986,745000000,3.429314235,1.587774246,0.663090101,2689830123
160,1986-0123-SLV,Caribbean_Central_America,El_Salvador,SLV,SV,1986,1500000000,4.858855392,2.310009639,0.660994102,11128499465
161,1986-0133-TWN,East_Asia,Taiwan,TWN,TW,1986,,2.317931083,1.99305478,0.615901653,
162,1986-0140-BGR,Europe,Bulgaria,BGR,BG,1986,,,1.556523373,0.722585401,
163,1986-0150-PER,South_America,Peru,PER,PE,1986,,7.784738921,1.452454393,0.751328036,
166,1986-0174-IRN,Middle_East,Iran,IRN,IR,1986,,2.940331118,2.0129249,0.601121634,
167,1986-0177-USA,North_America,United_States,USA,US,1986,720000,2.861906789,1.660888038,0.680073476,2327470.449
168,1986-0182-VEN,South_America,Venezuela,VEN,VE,1986,,,1.894784817,0.632214921,
172,1986-0372-IND,South_Asia,India,IND,IN,1986,5000000,2.036494191,3.04983725,0.703860416,21858300.22
173,1987-0058-PNG,Oceania,Papua_New_Guinea,PNG,PG,1987,2625000,,1.643529057,0.74596191,
174,1987-0068-NZL,Oceania,New_Zealand,NZL,NZ,1987,210000000,2.632750973,1.520813827,0.745431759,626776956.1
175,1987-0070-ECU,South_America,Ecuador,ECU,EC,1987,1500000000,2.822728899,1.639746395,0.693587321,4815465314
176,1987-0086-IDN,Southeast_Asia,Indonesia,IDN,ID,1987,,1.754707514,1.818802094,0.83918205,
177,1987-0101-IRN,Middle_East,Iran,IRN,IR,1987,,2.074968302,1.975352722,0.602286659,
179,1987-0144-CHL,South_America,Chile,CHL,CL,1987,1000000,2.412755793,1.680472091,0.643698266,2609918.888
181,1987-0162-ECU,South_America,Ecuador,ECU,EC,1987,,2.822728899,1.639746395,0.693587321,
182,1987-0179-USA,North_America,United_States,USA,US,1987,213000000,2.760737807,1.631258883,0.688133082,660085348.6
183,1987-0213-IDN,Southeast_Asia,Indonesia,IDN,ID,1987,5000000,1.754707514,1.818802094,0.83918205,13391103.65
184,1987-0229-JPN,East_Asia,Japan,JPN,JP,1987,,1.280846758,1.469724907,0.787620497,
185,1987-0254-MEX,North_America,Mexico,MEX,MX,1987,,3.798282225,2.288969138,0.825897107,
186,1987-0254-USA,North_America,United_States,USA,US,1987,4000000,2.760737807,1.631258883,0.688133082,12395968.99
187,1987-0306-DZA,Africa,Algeria,DZA,DZ,1987,1000000,,1.798464307,0.819584668,
189,1988-0041-IRN,Middle_East,Iran,IRN,IR,1988,,1.549952212,1.939157448,0.610161169,
191,1988-0043-GTM,Caribbean_Central_America,Guatemala,GTM,GT,1988,,5.223963439,2.253215449,0.646669416,
192,1988-0079-BGD,South_Asia,Bangladesh,BGD,BD,1988,,,2.649818645,1,
195,1988-0382-IND,South_Asia,India,IND,IN,1988,71500000,1.888437101,2.810977256,0.703860416,267148315.3
196,1988-0383-NPL,South_Asia,Nepal,NPL,NP,1988,60000000,2.12714676,3.083843007,0.656520716,258398150.2
199,1988-0502-CHN,East_Asia,China,CHN,CN,1988,269000000,2.068375007,2.98292882,0.478030211,793377347.3
200,1988-0675-SLB,Oceania,Solomon_Islands,SLB,SB,1988,,,1.313483287,1,
204,1989-0071-BGD,South_Asia,Bangladesh,BGD,BD,1989,,,2.521692756,1,
205,1989-0073-MEX,North_America,Mexico,MEX,MX,1989,,2.639506879,2.16658854,0.825897107,
206,1989-0081-CHN,East_Asia,China,CHN,CN,1989,164000000,1.769430834,2.858248094,0.492360099,408376000.6
207,1989-0090-IRN,Middle_East,Iran,IRN,IR,1989,,1.328272605,1.90426475,0.617949711,
208,1989-0092-IDN,Southeast_Asia,Indonesia,IDN,ID,1989,,1.643310422,1.709627113,0.83918205,
209,1989-0133-USA,North_America,United_States,USA,US,1989,5600000000,2.530428879,1.575062708,0.703956165,15711788633
210,1989-0136-CHN,East_Asia,China,CHN,CN,1989,,1.769430834,2.858248094,0.492360099,
211,1989-0139-DZA,Africa,Algeria,DZA,DZ,1989,,,1.733151416,0.820816099,
212,1989-0142-AUS,Oceania,Australia,AUS,AU,1989,1000000000,,1.738251846,0.993769477,
213,1989-0155-CHN,East_Asia,China,CHN,CN,1989,54000000,1.769430834,2.858248094,0.492360099,134465268.5
214,1989-0167-MWI,Africa,Malawi,MWI,MW,1989,28000000,,2.794662581,1,
215,1989-0186-USA,North_America,United_States,USA,US,1989,,2.530428879,1.575062708,0.703956165,
217,1989-0225-CHN,East_Asia,China,CHN,CN,1989,,1.769430834,2.858248094,0.492360099,
220,1990-0009-PHL,Southeast_Asia,Philippines,PHL,PH,1990,900000,2.400473296,1.862448798,0.825253705,3320559.095
221,1990-0017-IDN,Southeast_Asia,Indonesia,IDN,ID,1990,,1.586781311,1.659811391,0.83918205,
222,1990-0020-BGR,Europe,Bulgaria,BGR,BG,1990,,,1.472696537,0.745618618,
223,1990-0020-ROU,Europe,Romania,ROU,RO,1990,,3.696896633,1.678409568,0.670418503,
224,1990-0028-PHL,Southeast_Asia,Philippines,PHL,PH,1990,,2.400473296,1.862448798,0.825253705,
225,1990-0029-PER,South_America,Peru,PER,PE,1990,1000000,2.773756705,1.36019024,0.783001313,2954136.167
228,1990-0034-IRN,Middle_East,Iran,IRN,IR,1990,8000000000,1.166977191,1.870605557,0.625653683,10926185777
229,1990-0040-PHL,Southeast_Asia,Philippines,PHL,PH,1990,369600000,2.400473296,1.862448798,0.825253705,1363642935
230,1990-0093-CHN,East_Asia,China,CHN,CN,1990,,2.181311876,2.743572025,0.50632012,
231,1990-0099-CHN,East_Asia,China,CHN,CN,1990,58350000,2.181311876,2.743572025,0.50632012,176807293.4
232,1990-0105-ITA,Europe,Italy,ITA,IT,1990,,1.651233966,1.509409538,0.769223303,
233,1990-0118-IRN,Middle_East,Iran,IRN,IR,1990,232300000,1.166977191,1.870605557,0.625653683,317269119.5
234,1990-0165-PAK,South_Asia,Pakistan,PAK,PK,1990,,1.674802364,2.592618204,0.722204719,
235,1990-0169-GRC,Europe,Greece,GRC,GR,1990,,2.146938074,1.499057222,0.693280993,
236,1990-0170-CRI,Caribbean_Central_America,Costa_Rica,CRI,CR,1990,19500000,,1.901550261,0.718914339,
237,1990-0187-USA,North_America,United_States,USA,US,1990,12700000,2.400832961,1.548391985,0.711723246,33601427.75
239,1990-0189-PAK,South_Asia,Pakistan,PAK,PK,1990,1000000,1.674802364,2.592618204,0.722204719,3135901.79
246,1990-0230-ECU,South_America,Ecuador,ECU,EC,1990,,3.080246854,1.543124596,0.720658299,
247,1990-0250-ITA,Europe,Italy,ITA,IT,1990,500000000,1.651233966,1.509409538,0.769223303,958601579.7
248,1990-0593-IDN,Southeast_Asia,Indonesia,IDN,ID,1990,2100000,1.586781311,1.659811391,0.83918205,4641424.583
251,1990-0704-ZAF,Africa,South_Africa,ZAF,ZA,1990,,,2.008805933,0.826688404,
253,1991-0033-AFG,South_Asia,Afghanistan,AFG,AF,1991,,,2.185814846,0.990776507,
254,1991-0033-PAK,South_Asia,Pakistan,PAK,PK,1991,10000000,1.642628342,2.514574676,0.722856723,29857681.02
256,1991-0066-PER,South_America,Peru,PER,PE,1991,,2.238223771,1.338927098,0.790683065,
257,1991-0088-CHN,East_Asia,China,CHN,CN,1991,,2.344276019,2.637742868,0.519924414,
258,1991-0114-CRI,Caribbean_Central_America,Costa_Rica,CRI,CR,1991,100000000,,1.854873632,0.722550158,
259,1991-0114-PAN,Caribbean_Central_America,Panama,PAN,PA,1991,,,2.031326621,0.943006964,
260,1991-0122-GEO,Middle_East,Georgia,GEO,GE,1991,,,1.339770954,0.995104354,
262,1991-0165-IDN,Southeast_Asia,Indonesia,IDN,ID,1991,18000000,1.534786738,1.61281657,0.842546109,37540426
263,1991-0173-PER,South_America,Peru,PER,PE,1991,,2.238223771,1.338927098,0.790683065,
264,1991-0192-USA,North_America,United_States,USA,US,1991,33500000,2.303289482,1.522609459,0.719396351,84518170.05
265,1991-0230-GTM,Caribbean_Central_America,Guatemala,GTM,GT,1991,,4.787485595,2.080966726,0.646669416,
266,1991-0232-IRQ,Middle_East,Iraq,IRQ,IQ,1991,,,1.69678925,0.977506591,
269,1991-0368-IND,South_Asia,India,IND,IN,1991,60000000,2.322650912,2.515464516,0.703860416,246740209.6
270,1991-0390-COL,South_America,Colombia,COL,CO,1991,,2.605665565,1.45184248,0.805483826,
272,1991-0498-AFG,South_Asia,Afghanistan,AFG,AF,1991,,,2.185814846,0.990776507,
273,1991-0682-YEM,Middle_East,Yemen,YEM,YE,1991,,,1.734504818,0.986415206,
278,1992-0022-TUR,Europe,Turkiye,TUR,TR,1992,750000000,1.536646839,1.778391566,0.713459782,1462285648
279,1992-0058-PAK,South_Asia,Pakistan,PAK,PK,1992,,1.580790286,2.441092409,0.723471698,
280,1992-0064-COD,Africa,Democratic_Republic_of_the_Congo,COD,CD,1992,,,2.00406896,1,
281,1992-0079-NIC,Caribbean_Central_America,Nicaragua,NIC,NI,1992,25000000,,1.886771223,0.77110675,
282,1992-0081-KGZ,Central_Asia,Kyrgyzstan,KGZ,KG,1992,130000000,,2.019842033,0.746813877,
283,1992-0082-KGZ,Central_Asia,Kyrgyzstan,KGZ,KG,1992,31000000,,2.019842033,0.746813877,
284,1992-0120-USA,North_America,United_States,USA,US,1992,75000000,2.23557786,1.497671489,0.726977174,182552758.8
285,1992-0149-EGY,Africa,Egypt,EGY,EG,1992,1200000000,,2.055804052,0.739126761,
286,1992-0151-COL,South_America,Colombia,COL,CO,1992,,2.225669731,1.426311579,0.807208509,
287,1992-0163-IDN,Southeast_Asia,Indonesia,IDN,ID,1992,100000000,1.485656432,1.568409638,0.845749795,197069670.8
288,1992-0180-IRN,Middle_East,Iran,IRN,IR,1992,,0.762354748,1.806734984,0.640813371,
289,1992-0202-AFG,South_Asia,Afghanistan,AFG,AF,1992,,,2.137765192,0.990776507,
290,1992-0202-PAK,South_Asia,Pakistan,PAK,PK,1992,,1.580790286,2.441092409,0.723471698,
291,1992-0215-USA,North_America,United_States,USA,US,1992,100000000,2.23557786,1.497671489,0.726977174,243403678.4
292,1992-0236-UZB,Central_Asia,Uzbekistan,UZB,UZ,1992,,,1.721877888,0.646043948,
295,1992-0256-CHN,East_Asia,China,CHN,CN,1992,3150000,2.283389146,2.53977488,0.533186405,9740130.526
296,1992-0481-GEO,Middle_East,Georgia,GEO,GE,1992,,,1.32353801,0.995104354,
297,1992-0554-USA,North_America,United_States,USA,US,1992,100000000,2.23557786,1.497671489,0.726977174,243403678.4
298,1993-0035-IRN,Middle_East,Iran,IRN,IR,1993,,12.16467209,1.776407856,0.64827174,
299,1993-0056-SDN,Africa,Sudan,SDN,SD,1993,,,2.266274894,1,
300,1993-0074-IND,South_Asia,India,IND,IN,1993,280000000,2.620075042,2.350713778,0.703860416,1213830530
301,1993-0076-PNG,Oceania,Papua_New_Guinea,PNG,PG,1993,5000000,,1.502707278,0.78987124,
303,1993-0097-JPN,East_Asia,Japan,JPN,JP,1993,358000000,0.872187111,1.369538593,0.790949091,338232625.9
305,1993-0136-GRC,Europe,Greece,GRC,GR,1993,,1.960593039,1.438763928,0.715418336,
306,1993-0144-PER,South_America,Peru,PER,PE,1993,,2.234397557,1.298334725,0.805774422,
307,1993-0184-CRI,Caribbean_Central_America,Costa_Rica,CRI,CR,1993,,,1.768073195,0.729410081,
308,1993-0480-USA,North_America,United_States,USA,US,1993,7500000,2.171483127,1.473537245,0.734467372,17625901.84
309,1993-0490-COL,South_America,Colombia,COL,CO,1993,,2.10081292,1.401663091,0.808880604,
315,1994-0002-USA,North_America,United_States,USA,US,1994,30000000000,2.116301793,1.450168488,0.741868558,68303708471
316,1994-0006-IDN,Southeast_Asia,Indonesia,IDN,ID,1994,,1.328591095,1.486549019,0.851719836,
317,1994-0007-IDN,Southeast_Asia,Indonesia,IDN,ID,1994,170476000,1.328591095,1.486549019,0.851719836,286767929.4
318,1994-0040-IRN,Middle_East,Iran,IRN,IR,1994,1400000,12.76545659,1.747082038,0.655650846,20471530.51
319,1994-0041-IRN,Middle_East,Iran,IRN,IR,1994,,12.76545659,1.747082038,0.655650846,
320,1994-0051-UGA,Africa,Uganda,UGA,UG,1994,70000000,,4.080491889,1,
321,1994-0057-AFG,South_Asia,Afghanistan,AFG,AF,1994,,,2.047736495,0.990776507,
322,1994-0058-BOL,South_America,Bolivia,BOL,BO,1994,,,1.476172468,0.95410458,
323,1994-0059-COL,South_America,Colombia,COL,CO,1994,2400000,1.79752662,1.377852046,0.810502481,4817741.643
324,1994-0062-IDN,Southeast_Asia,Indonesia,IDN,ID,1994,2200000,1.328591095,1.486549019,0.851719836,3700752.275
325,1994-0070-IRN,Middle_East,Iran,IRN,IR,1994,,12.76545659,1.747082038,0.655650846,
326,1994-0196-DZA,Africa,Algeria,DZA,DZ,1994,,,1.588895867,0.823549098,
327,1994-0307-CHN,East_Asia,China,CHN,CN,1994,,2.505917953,2.364161023,0.558733888,
328,1994-0316-JPN,East_Asia,Japan,JPN,JP,1994,170400000,0.796136817,1.35415389,0.791462727,145397114.2
329,1994-0342-RUS,North_Asia,Russia,RUS,RU,1994,,,1.51076445,0.939592058,
330,1994-0343-JPN,East_Asia,Japan,JPN,JP,1994,,0.796136817,1.35415389,0.791462727,
331,1994-0513-IDN,Southeast_Asia,Indonesia,IDN,ID,1994,,1.328591095,1.486549019,0.851719836,
332,1994-0518-PHL,Southeast_Asia,Philippines,PHL,PH,1994,3700000,1.708868729,1.662322355,0.825253705,8673874.913
333,1994-0599-USA,North_America,United_States,USA,US,1994,2100000,2.116301793,1.450168488,0.741868558,4781259.593
339,1995-0015-COL,South_America,Colombia,COL,CO,1995,,1.642235607,1.354836478,0.812076368,
340,1995-0016-JPN,East_Asia,Japan,JPN,JP,1995,1E+11,0.733605347,1.339110995,0.791965596,77801035956
341,1995-0030-COL,South_America,Colombia,COL,CO,1995,,1.642235607,1.354836478,0.812076368,
342,1995-0034-CYP,Europe,Cyprus,CYP,CY,1995,4340000,,1.57856205,0.813956558,
343,1995-0047-ECU,South_America,Ecuador,ECU,EC,1995,,1.972424252,1.405129533,0.76320153,
344,1995-0054-COL,South_America,Colombia,COL,CO,1995,,1.642235607,1.354836478,0.812076368,
346,1995-0084-IDN,Southeast_Asia,Indonesia,IDN,ID,1995,,1.263577577,1.448741649,0.854505648,
347,1995-0085-GRC,Europe,Greece,GRC,GR,1995,450000000,1.640359645,1.40119253,0.729942571,754984605.6
349,1995-0097-RUS,North_Asia,Russia,RUS,RU,1995,64100000,,1.486968859,0.939592058,
350,1995-0148-CHN,East_Asia,China,CHN,CN,1995,36100000,2.079087997,2.285156929,0.571043057,97941095.7
352,1995-0171-CHL,South_America,Chile,CHL,CL,1995,1660000,1.349519123,1.490676292,0.701872179,2343842.925
353,1995-0203-MEX,North_America,Mexico,MEX,MX,1995,21100000,2.420490014,1.867111139,0.825897107,78755676.32
354,1995-0226-ECU,South_America,Ecuador,ECU,EC,1995,,1.972424252,1.405129533,0.76320153,
355,1995-0233-TUR,Europe,Turkiye,TUR,TR,1995,205800000,1.590274141,1.684296566,0.716447436,394930125.9
356,1995-0252-IDN,Southeast_Asia,Indonesia,IDN,ID,1995,,1.263577577,1.448741649,0.854505648,
357,1995-0253-MEX,North_America,Mexico,MEX,MX,1995,,2.420490014,1.867111139,0.825897107,
358,1995-0261-CHN,East_Asia,China,CHN,CN,1995,80000000,2.079087997,2.285156929,0.571043057,217043979.4
359,1995-0293-EGY,Africa,Egypt,EGY,EG,1995,,,1.91371046,0.739126761,
360,1995-0437-GRC,Europe,Greece,GRC,GR,1995,422700000,1.640359645,1.40119253,0.729942571,709182206.2
363,1995-0457-CHN,East_Asia,China,CHN,CN,1995,,2.079087997,2.285156929,0.571043057,
364,1996-0002-IDN,Southeast_Asia,Indonesia,IDN,ID,1996,1200000,1.219028043,1.424879292,0.856273331,1784783.06
366,1996-0021-CHN,East_Asia,China,CHN,CN,1996,506000000,1.910955849,2.196175614,0.585572659,1243509266
367,1996-0061-IDN,Southeast_Asia,Indonesia,IDN,ID,1996,4200000,1.219028043,1.424879292,0.856273331,6246740.709
368,1996-0062-ECU,South_America,Ecuador,ECU,EC,1996,7000000,1.971774851,1.382390545,0.770698628,14705192.16
369,1996-0081-CHN,East_Asia,China,CHN,CN,1996,,1.910955849,2.196175614,0.585572659,
370,1996-0136-CHN,East_Asia,China,CHN,CN,1996,24000000,1.910955849,2.196175614,0.585572659,58980676.65
374,1996-0261-PER,South_America,Peru,PER,PE,1996,,1.797557701,1.247144117,0.825647557,
375,1996-0461-TUR,Europe,Turkiye,TUR,TR,1996,30000000,1.565179538,1.641053687,0.717828869,55313243.51
376,1997-0011-CHN,East_Asia,China,CHN,CN,1997,,1.853704428,2.113864235,0.599687332,
377,1997-0017-IRN,Middle_East,Iran,IRN,IR,1997,30000000,5.650903123,1.632019022,0.686302051,189880178
378,1997-0028-KGZ,Central_Asia,Kyrgyzstan,KGZ,KG,1997,2000000,,1.739367525,0.748565154,
379,1997-0030-PAK,South_Asia,Pakistan,PAK,PK,1997,,1.518189394,2.130380433,0.726083662,
380,1997-0035-IRN,Middle_East,Iran,IRN,IR,1997,76000000,5.650903123,1.632019022,0.686302051,481029784.2
381,1997-0071-MEX,North_America,Mexico,MEX,MX,1997,,1.841954473,1.775221335,0.825897107,
382,1997-0095-AFG,South_Asia,Afghanistan,AFG,AF,1997,10000,,1.920112862,0.990776507,
383,1997-0095-IRN,Middle_East,Iran,IRN,IR,1997,100000000,5.650903123,1.632019022,0.686302051,632933926.6
384,1997-0115-IND,South_Asia,India,IND,IN,1997,37000000,2.198565725,2.086635655,0.703860416,119474258.3
386,1997-0147-VEN,South_America,Venezuela,VEN,VE,1997,81000000,,1.465090112,0.740185911,
387,1997-0228-ITA,Europe,Italy,ITA,IT,1997,4524900000,1.725908491,1.359903004,0.781473793,8299445986
388,1997-0240-IDN,Southeast_Asia,Indonesia,IDN,ID,1997,1100000,1.425413497,1.401790275,0.857990702,1885815.392
389,1997-0247-CHL,South_America,Chile,CHL,CL,1997,48000000,1.251593612,1.433367048,0.727193243,62619821.63
390,1997-0281-BGD,South_Asia,Bangladesh,BGD,BD,1997,,,1.854463477,1,
391,1997-0326-CHN,East_Asia,China,CHN,CN,1997,,1.853704428,2.113864235,0.599687332,
392,1997-0368-ARM,Middle_East,Armenia,ARM,AM,1997,33333000,,1.294510937,0.910440639,
393,1997-0531-CHN,East_Asia,China,CHN,CN,1997,,1.853704428,2.113864235,0.599687332,
394,1997-0532-CHN,East_Asia,China,CHN,CN,1997,,1.853704428,2.113864235,0.599687332,
396,1997-0534-ZAF,Africa,South_Africa,ZAF,ZA,1997,,,1.69025434,0.826688404,
397,1998-0026-AFG,South_Asia,Afghanistan,AFG,AF,1998,10000000,,1.880085965,0.990776507,
398,1998-0043-IRN,Middle_East,Iran,IRN,IR,1998,,4.791442873,1.591872889,0.697682003,
399,1998-0076-CHN,East_Asia,China,CHN,CN,1998,285500000,1.865701716,2.037499927,0.613404598,665722066.6
401,1998-0084-IRN,Middle_East,Iran,IRN,IR,1998,,4.791442873,1.591872889,0.697682003,
402,1998-0152-AFG,South_Asia,Afghanistan,AFG,AF,1998,10000000,,1.880085965,0.990776507,
403,1998-0169-BOL,South_America,Bolivia,BOL,BO,1998,,,1.381998769,0.95410458,
404,1998-0201-TUR,Europe,Turkiye,TUR,TR,1998,550000000,1.462264343,1.56090393,0.732544194,919599198.4
405,1998-0206-AZO,Europe,Portugal,PRT,PT,1998,72000000,,1.513968549,0.72975378,
407,1998-0215-AZE,Middle_East,Azerbaijan,AZE,AZ,1998,,,1.527023721,0.991188008,
408,1998-0353-ECU,South_America,Ecuador,ECU,EC,1998,,1.893537284,1.339051239,0.785403377,
409,1998-0384-CHN,East_Asia,China,CHN,CN,1998,70000000,1.865701716,2.037499927,0.613404598,163224324.5
410,1998-0385-IRN,Middle_East,Iran,IRN,IR,1998,,4.791442873,1.591872889,0.697682003,
411,1998-0403-IDN,Southeast_Asia,Indonesia,IDN,ID,1998,200000000,3.096253675,1.379437605,0.859659878,734336727.4
412,1998-0454-CHN,East_Asia,China,CHN,CN,1998,22600000,1.865701716,2.037499927,0.613404598,52698139.07
414,1998-0579-PAK,South_Asia,Pakistan,PAK,PK,1998,,1.565979254,2.077634443,0.726528939,
417,1998-0582-CHN,East_Asia,China,CHN,CN,1998,,1.865701716,2.037499927,0.613404598,
418,1998-0583-IDN,Southeast_Asia,Indonesia,IDN,ID,1998,,3.096253675,1.379437605,0.859659878,
423,1998-0588-TUR,Europe,Turkiye,TUR,TR,1998,,1.462264343,1.56090393,0.732544194,
424,1999-0016-COL,South_America,Colombia,COL,CO,1999,1857366000,1.678212969,1.277549648,0.824438267,3283072648
425,1999-0047-RUS,North_Asia,Russia,RUS,RU,1999,900000,,1.379801329,0.939592058,
426,1999-0054-AFG,South_Asia,Afghanistan,AFG,AF,1999,,,1.841693801,0.990776507,
427,1999-0065-IRN,Middle_East,Iran,IRN,IR,1999,,3.992952075,1.553654451,0.708871796,
428,1999-0099-IND,South_Asia,India,IND,IN,1999,2000000,2.199457705,1.979350711,0.703860416,6128510.073
429,1999-0150-IRN,Middle_East,Iran,IRN,IR,1999,,3.992952075,1.553654451,0.708871796,
430,1999-0196-AZE,Middle_East,Azerbaijan,AZE,AZ,1999,5000000,,1.493981769,0.991188008,
431,1999-0208-MEX,North_America,Mexico,MEX,MX,1999,226800000,1.645429637,1.691951983,0.825897107,521478424.3
432,1999-0228-BGD,South_Asia,Bangladesh,BGD,BD,1999,,,1.764067193,1,
433,1999-0268-TUR,Europe,Turkiye,TUR,TR,1999,20000000000,1.424617912,1.523694976,0.745776009,32376868396
434,1999-0302-GRC,Europe,Greece,GRC,GR,1999,4200000000,1.762677014,1.313868086,0.775529177,7543483360
435,1999-0314-TUR,Europe,Turkiye,TUR,TR,1999,,1.424617912,1.523694976,0.745776009,
436,1999-0321-TWN,East_Asia,Taiwan,TWN,TW,1999,14100000000,1.401496262,1.412466184,0.775592973,21648259293
437,1999-0360-MEX,North_America,Mexico,MEX,MX,1999,164800000,1.645429637,1.691951983,0.825897107,378922594
440,1999-0384-PER,South_America,Peru,PER,PE,1999,,2.057742238,1.209740821,0.845812448,
442,1999-0386-TUR,Europe,Turkiye,TUR,TR,1999,,1.424617912,1.523694976,0.745776009,
443,1999-0405-TWN,East_Asia,Taiwan,TWN,TW,1999,800000,1.401496262,1.412466184,0.775592973,1228270.031
444,1999-0434-PER,South_America,Peru,PER,PE,1999,1100000,2.057742238,1.209740821,0.845812448,2316061.381
445,1999-0445-TUR,Europe,Turkiye,TUR,TR,1999,,1.424617912,1.523694976,0.745776009,
446,1999-0449-TUR,Europe,Turkiye,TUR,TR,1999,1000000000,1.424617912,1.523694976,0.745776009,1618843420
447,1999-0455-CHN,East_Asia,China,CHN,CN,1999,44000000,1.892058777,1.966460641,0.62674101,102603144.6
449,1999-0561-DZA,Africa,Algeria,DZA,DZ,1999,60929000,,1.442225348,0.826346571,
450,1999-0568-IDN,Southeast_Asia,Indonesia,IDN,ID,1999,3900000,2.016009885,1.357786607,0.861282862,9194637.045
452,1999-0601-RUS,North_Asia,Russia,RUS,RU,1999,,,1.379801329,0.939592058,
453,1999-0638-ESP,Europe,Spain,ESP,ES,1999,44004000,,1.371684007,0.759811543,
454,1999-0639-GTM,Caribbean_Central_America,Guatemala,GTM,GT,1999,,3.493942507,1.752416463,0.651054606,
455,1999-0644-PHL,Southeast_Asia,Philippines,PHL,PH,1999,1794000,1.802279345,1.496050814,0.825253705,3991888.221
457,2000-0033-CHN,East_Asia,China,CHN,CN,2000,73500000,1.885558684,1.900208158,0.63971221,168466367.2
458,2000-0036-CHN,East_Asia,China,CHN,CN,2000,483000,1.885558684,1.900208158,0.63971221,1107064.699
460,2000-0051-IRN,Middle_East,Iran,IRN,IR,2000,,3.51088214,1.517228119,0.719876156,
462,2000-0081-COL,South_America,Colombia,COL,CO,2000,,1.826177737,1.25958633,0.83268118,
463,2000-0230-IDN,Southeast_Asia,Indonesia,IDN,ID,2000,30000000,2.084542303,1.336804755,0.862861543,72134173.9
464,2000-0272-TUR,Europe,Turkiye,TUR,TR,2000,,1.37292481,1.488218699,0.758844607,
465,2000-0291-TUR,Europe,Turkiye,TUR,TR,2000,,1.37292481,1.488218699,0.758844607,
466,2000-0293-IDN,Southeast_Asia,Indonesia,IDN,ID,2000,41000000,2.084542303,1.336804755,0.862861543,98583371
469,2000-0387-NIC,Caribbean_Central_America,Nicaragua,NIC,NI,2000,,,1.642449914,0.777026869,
470,2000-0428-JPN,East_Asia,Japan,JPN,JP,2000,,0.827921122,1.247764682,0.831609745,
471,2000-0449-IDN,Southeast_Asia,Indonesia,IDN,ID,2000,2000000,2.084542303,1.336804755,0.862861543,4808944.927
472,2000-0480-RUS,North_Asia,Russia,RUS,RU,2000,920000,,1.355380379,0.939592058,
473,2000-0527-CHN,East_Asia,China,CHN,CN,2000,43000000,1.885558684,1.900208158,0.63971221,98558554.99
474,2000-0598-USA,North_America,United_States,USA,US,2000,50000000,1.821654084,1.309995924,0.789595187,94212895.86
475,2000-0653-TZA,Africa,Tanzania,TZA,TZ,2000,,,2.676296806,1,
476,2000-0656-JPN,East_Asia,Japan,JPN,JP,2000,500000000,0.827921122,1.247764682,0.831609745,429547529.7
478,2000-0749-PNG,Oceania,Papua_New_Guinea,PNG,PG,2000,,,1.392253073,0.828104167,
480,2000-0762-IDN,Southeast_Asia,Indonesia,IDN,ID,2000,,2.084542303,1.336804755,0.862861543,
481,2000-0769-AZE,Middle_East,Azerbaijan,AZE,AZ,2000,10000000,,1.462339465,0.991188008,
482,2000-0810-TKM,Central_Asia,Turkmenistan,TKM,TM,2000,,,1.394389477,0.996726024,
484,2001-0013-SLV,Caribbean_Central_America,El_Salvador,SLV,SV,2001,1500000000,1.746091729,1.626767624,0.730611814,3112938390
485,2001-0023-GTM,Caribbean_Central_America,Guatemala,GTM,GT,2001,50000,3.269773151,1.691482076,0.653753173,180787.6825
486,2001-0033-IND,South_Asia,India,IND,IN,2001,2623000000,2.233167131,1.882558453,0.703860416,7761658479
487,2001-0033-PAK,South_Asia,Pakistan,PAK,PK,2001,500000,1.920225498,1.933984171,0.727744395,1351306.982
488,2001-0042-SLV,Caribbean_Central_America,El_Salvador,SLV,SV,2001,348500000,1.746091729,1.626767624,0.730611814,723239352.6
489,2001-0064-CHN,East_Asia,China,CHN,CN,2001,24000000,1.871771264,1.838274426,0.652332999,53869595.07
490,2001-0099-USA,North_America,United_States,USA,US,2001,2000000000,1.771586032,1.288774077,0.801134725,3658260194
491,2001-0123-JPN,East_Asia,Japan,JPN,JP,2001,500000000,0.940621562,1.230970758,0.839334219,485923160.8
492,2001-0151-CHN,East_Asia,China,CHN,CN,2001,31000000,1.871771264,1.838274426,0.652332999,69581560.3
493,2001-0214-CHN,East_Asia,China,CHN,CN,2001,36000000,1.871771264,1.838274426,0.652332999,80804392.6
494,2001-0233-AFG,South_Asia,Afghanistan,AFG,AF,2001,,,1.769428806,0.990776507,
499,2001-0598-CHN,East_Asia,China,CHN,CN,2001,,1.871771264,1.838274426,0.652332999,
504,2001-0751-PER,South_America,Peru,PER,PE,2001,,2.015764702,1.186027267,0.860818786,
505,2001-0754-PER,South_America,Peru,PER,PE,2001,,2.015764702,1.186027267,0.860818786,
506,2002-0015-TJK,Central_Asia,Tajikistan,TJK,TJ,2002,,,1.451303031,0.814116595,
507,2002-0042-RWA,Africa,Rwanda,RWA,RW,2002,,,2.504643951,0.870612839,
508,2002-0065-TUR,Europe,Turkiye,TUR,TR,2002,95000000,1.478717038,1.422001609,0.784504089,156712623.5
509,2002-0070-PNG,Oceania,Papua_New_Guinea,PNG,PG,2002,,,1.36653921,0.837542014,
510,2002-0107-IRN,Middle_East,Iran,IRN,IR,2002,,10.79993577,1.449270157,0.741346717,
511,2002-0122-AFG,South_Asia,Afghanistan,AFG,AF,2002,,,1.735382056,0.990776507,
512,2002-0122-PAK,South_Asia,Pakistan,PAK,PK,2002,,1.792910577,1.890415596,0.728113842,
514,2002-0129-PHL,Southeast_Asia,Philippines,PHL,PH,2002,1714000,2.114593616,1.415527874,0.825253705,4233929.703
515,2002-0172-TWN,East_Asia,Taiwan,TWN,TW,2002,25000000,1.486206942,1.330318686,0.805129648,39796126.69
516,2002-0175-AFG,South_Asia,Afghanistan,AFG,AF,2002,,,1.735382056,0.990776507,
517,2002-0208-AFG,South_Asia,Afghanistan,AFG,AF,2002,,,1.735382056,0.990776507,
518,2002-0246-IRN,Middle_East,Iran,IRN,IR,2002,,10.79993577,1.449270157,0.741346717,
519,2002-0247-GEO,Middle_East,Georgia,GEO,GE,2002,350000000,,1.189402312,0.995104354,
521,2002-0378-IRN,Middle_East,Iran,IRN,IR,2002,300000000,10.79993577,1.449270157,0.741346717,3481073122
524,2002-0577-PNG,Oceania,Papua_New_Guinea,PNG,PG,2002,,,1.36653921,0.837542014,
525,2002-0584-IND,South_Asia,India,IND,IN,2002,,2.205770248,1.837627528,0.703860416,
526,2002-0654-TZA,Africa,Tanzania,TZA,TZ,2002,,,2.527821173,1,
529,2002-0690-ITA,Europe,Italy,ITA,IT,2002,796000000,1.853891371,1.26045139,0.824449285,1533512775
530,2002-0692-PAK,South_Asia,Pakistan,PAK,PK,2002,,1.792910577,1.890415596,0.728113842,
531,2002-0721-PAK,South_Asia,Pakistan,PAK,PK,2002,,1.792910577,1.890415596,0.728113842,
536,2002-0822-IDN,Southeast_Asia,Indonesia,IDN,ID,2002,,1.847168327,1.296728122,0.865893061,
537,2002-0835-CHN,East_Asia,China,CHN,CN,2002,,1.885547862,1.78025049,0.664617386,
538,2002-0882-ITA,Europe,Italy,ITA,IT,2002,500000000,1.853891371,1.26045139,0.824449285,963261793.1
539,2003-0039-MEX,North_America,Mexico,MEX,MX,2003,116300000,1.452002031,1.546838537,0.825897107,215733637.9
542,2003-0105-CHN,East_Asia,China,CHN,CN,2003,157000000,1.864541264,1.725777448,0.676578644,341802100
544,2003-0184-ITA,Europe,Italy,ITA,IT,2003,561352000,1.50938878,1.242281434,0.832816829,876608906.3
545,2003-0197-TUR,Europe,Turkiye,TUR,TR,2003,135000000,1.210909743,1.391054681,0.797100757,181260413.1
546,2003-0209-CHN,East_Asia,China,CHN,CN,2003,,1.864541264,1.725777448,0.676578644,
547,2003-0236-AFG,South_Asia,Afghanistan,AFG,AF,2003,,,1.702620803,0.990776507,
548,2003-0245-DZA,Africa,Algeria,DZA,DZ,2003,5000000000,,1.338865299,0.82832942,
549,2003-0249-JPN,East_Asia,Japan,JPN,JP,2003,233000000,0.908006385,1.198703558,0.854585771,216726628.7
550,2003-0254-IDN,Southeast_Asia,Indonesia,IDN,ID,2003,,1.59384372,1.277577603,0.867349199,
551,2003-0255-DZA,Africa,Algeria,DZA,DZ,2003,,,1.338865299,0.82832942,
552,2003-0259-KAZ,Central_Asia,Kazakhstan,KAZ,KZ,2003,,,1.343045863,0.776899903,
554,2003-0348-CHN,East_Asia,China,CHN,CN,2003,75000000,1.864541264,1.725777448,0.676578644,163281258
555,2003-0354-JPN,East_Asia,Japan,JPN,JP,2003,411000000,0.908006385,1.198703558,0.854585771,382294611.2
556,2003-0402-CHN,East_Asia,China,CHN,CN,2003,167000000,1.864541264,1.725777448,0.676578644,363572934.4
559,2003-0438-IRN,Middle_East,Iran,IRN,IR,2003,21666000,11.00051169,1.417524091,0.75182162,254001853
560,2003-0452-BGD,South_Asia,Bangladesh,BGD,BD,2003,,,1.607364434,1,
561,2003-0476-JPN,East_Asia,Japan,JPN,JP,2003,563000000,0.908006385,1.198703558,0.854585771,523678506.3
562,2003-0477-DOM,Caribbean_Central_America,Dominican_Republic,DOM,DO,2003,,1.850886894,1.92741852,0.730160096,
563,2003-0497-RUS,North_Asia,Russia,RUS,RU,2003,10600000,,1.287042704,0.939592058,
564,2003-0509-CHN,East_Asia,China,CHN,CN,2003,60000000,1.864541264,1.725777448,0.676578644,130625006.4
565,2003-0519-CHN,East_Asia,China,CHN,CN,2003,40000000,1.864541264,1.725777448,0.676578644,87083337.59
566,2003-0546-CHN,East_Asia,China,CHN,CN,2003,,1.864541264,1.725777448,0.676578644,
567,2003-0547-CHN,East_Asia,China,CHN,CN,2003,,1.864541264,1.725777448,0.676578644,
568,2003-0582-CHN,East_Asia,China,CHN,CN,2003,1933000,1.864541264,1.725777448,0.676578644,4208302.289
570,2003-0623-USA,North_America,United_States,USA,US,2003,200000000,1.705216761,1.2483284,0.824088097,350842406.3
571,2003-0628-CRI,Caribbean_Central_America,Costa_Rica,CRI,CR,2003,,,1.467918271,0.761455879,
572,2003-0628-PAN,Caribbean_Central_America,Panama,PAN,PA,2003,,,1.549026282,0.943006964,
573,2003-0630-IRN,Middle_East,Iran,IRN,IR,2003,500000000,11.00051169,1.417524091,0.75182162,5861761585
577,2004-0001-IDN,Southeast_Asia,Indonesia,IDN,ID,2004,12000000,1.566090909,1.258984495,0.868767646,20555225.02
579,2004-0040-IDN,Southeast_Asia,Indonesia,IDN,ID,2004,1000000,1.566090909,1.258984495,0.868767646,1712935.418
580,2004-0054-PAK,South_Asia,Pakistan,PAK,PK,2004,,1.58163462,1.808913598,0.72880596,
581,2004-0073-MAR,Africa,Morocco,MAR,MA,2004,400000000,,1.377056859,0.815658853,
582,2004-0088-IDN,Southeast_Asia,Indonesia,IDN,ID,2004,,1.566090909,1.258984495,0.868767646,
583,2004-0126-CHN,East_Asia,China,CHN,CN,2004,74000000,1.795805105,1.674539021,0.688229358,153150841.8
584,2004-0127-TUR,Europe,Turkiye,TUR,TR,2004,,1.059058603,1.361426055,0.809545784,
587,2004-0234-IRN,Middle_East,Iran,IRN,IR,2004,165000000,10.0769934,1.387139,0.762128505,1757774283
589,2004-0308-TUR,Europe,Turkiye,TUR,TR,2004,,1.059058603,1.361426055,0.809545784,
590,2004-0406-CHN,East_Asia,China,CHN,CN,2004,50000000,1.795805105,1.674539021,0.688229358,103480298.5
591,2004-0426-COL,South_America,Colombia,COL,CO,2004,,1.764672727,1.192515629,0.864971365,
592,2004-0436-AFG,South_Asia,Afghanistan,AFG,AF,2004,,,1.671073592,0.990776507,
594,2004-0532-JPN,East_Asia,Japan,JPN,JP,2004,28000000000,0.847451316,1.183196112,0.862114525,24204409165
595,2004-0562-IDN,Southeast_Asia,Indonesia,IDN,ID,2004,,1.566090909,1.258984495,0.868767646,
598,2004-0599-CRI,Caribbean_Central_America,Costa_Rica,CRI,CR,2004,,,1.444283967,0.770742351,
599,2004-0607-IDN,Southeast_Asia,Indonesia,IDN,ID,2004,55000000,1.566090909,1.258984495,0.868767646,94211448.01
601,2004-0671-BDI,Africa,Burundi,BDI,BI,2004,,,2.831586552,1,
604,2005-0031-IDN,Southeast_Asia,Indonesia,IDN,ID,2005,,1.539362827,1.24092481,0.870149848,
605,2005-0070-TUR,Europe,Turkiye,TUR,TR,2005,,0.922703889,1.333033251,0.821841893,
606,2005-0092-IRN,Middle_East,Iran,IRN,IR,2005,80000000,9.244568122,1.358029201,0.772271384,775631905.3
608,2005-0129-JPN,East_Asia,Japan,JPN,JP,2005,400000000,0.865767434,1.168084777,0.86957969,351758814.1
609,2005-0132-ZAF,Africa,South_Africa,ZAF,ZA,2005,20000000,,1.448718441,0.826688404,
610,2005-0160-IDN,Southeast_Asia,Indonesia,IDN,ID,2005,,1.539362827,1.24092481,0.870149848,
612,2005-0240-SLV,Caribbean_Central_America,El_Salvador,SLV,SV,2005,,1.534976377,1.5053576,0.770836123,
613,2005-0321-CHL,South_America,Chile,CHL,CL,2005,5000000,1.303502172,1.242322107,0.826603714,6692884.483
614,2005-0321-PER,South_America,Peru,PER,PE,2005,50000,1.755355108,1.141283965,0.89063353,89212.91877
615,2005-0328-PNG,Oceania,Papua_New_Guinea,PNG,PG,2005,,,1.32970134,0.851443817,
617,2005-0558-PER,South_America,Peru,PER,PE,2005,,1.755355108,1.141283965,0.89063353,
618,2005-0575-AFG,South_Asia,Afghanistan,AFG,AF,2005,50000,,1.640674166,0.990776507,
619,2005-0575-IND,South_Asia,India,IND,IN,2005,1000000000,1.78207974,1.714843298,0.703860416,2150988633
620,2005-0575-PAK,South_Asia,Pakistan,PAK,PK,2005,5200000000,1.481478911,1.770742351,0.729130565,9946252858
621,2005-0651-CHN,East_Asia,China,CHN,CN,2005,,1.746876872,1.626255409,0.699581466,
622,2005-0654-IRN,Middle_East,Iran,IRN,IR,2005,,9.244568122,1.358029201,0.772271384,
623,2005-0671-COD,Africa,Democratic_Republic_of_the_Congo,COD,CD,2005,,,1.604483827,1,
624,2005-0671-TZA,Africa,Tanzania,TZA,TZ,2005,,,2.33362394,1,
625,2005-0686-AFG,South_Asia,Afghanistan,AFG,AF,2005,,,1.640674166,0.990776507,
628,2006-0061-CHN,East_Asia,China,CHN,CN,2006,6900000,1.67220778,1.569409329,0.713436233,12919054.26
629,2006-0100-MOZ,Africa,Mozambique,MOZ,MZ,2006,,,2.003142084,1,
632,2006-0149-DZA,Africa,Algeria,DZA,DZ,2006,,,1.268768377,0.858827585,
633,2006-0153-IRN,Middle_East,Iran,IRN,IR,2006,42262000,8.596967986,1.326626294,0.783520386,377654145.9
634,2006-0214-RUS,North_Asia,Russia,RUS,RU,2006,55000000,,1.227141093,0.939592058,
636,2006-0279-IDN,Southeast_Asia,Indonesia,IDN,ID,2006,3100000000,1.284470666,1.223010816,0.871525252,4244203087
637,2006-0397-CHN,East_Asia,China,CHN,CN,2006,,1.67220778,1.569409329,0.713436233,
638,2006-0405-AFG,South_Asia,Afghanistan,AFG,AF,2006,,,1.591862775,0.990776507,
639,2006-0405-TJK,Central_Asia,Tajikistan,TJK,TJ,2006,22000000,,1.335152696,0.849663803,
641,2006-0475-CHN,East_Asia,China,CHN,CN,2006,,1.67220778,1.569409329,0.713436233,
643,2006-0620-CHN,East_Asia,China,CHN,CN,2006,291000,1.67220778,1.569409329,0.713436233,544847.0709
644,2006-0678-IDN,Southeast_Asia,Indonesia,IDN,ID,2006,,1.284470666,1.223010816,0.871525252,
645,2006-0688-TWN,East_Asia,Taiwan,TWN,TW,2006,,1.340707116,1.238405376,0.840963107,
648,2006-0704-USA,North_America,United_States,USA,US,2006,150000000,1.556060518,1.194407726,0.856815494,238867826.5
649,2006-0705-IDN,Southeast_Asia,Indonesia,IDN,ID,2006,,1.284470666,1.223010816,0.871525252,
650,2007-0087-IDN,Southeast_Asia,Indonesia,IDN,ID,2007,200000000,1.204720827,1.205606674,0.87286568,253553421.5
651,2007-0101-JPN,East_Asia,Japan,JPN,JP,2007,250000000,0.922103266,1.143036537,0.886815323,233675333
652,2007-0217-CHN,East_Asia,China,CHN,CN,2007,342000000,1.522150706,1.516403156,0.726858843,573784110.3
653,2007-0258-JPN,East_Asia,Japan,JPN,JP,2007,12500000000,0.922103266,1.143036537,0.886815323,11683766650
654,2007-0287-TJK,Central_Asia,Tajikistan,TJK,TJ,2007,,,1.308232812,0.858350128,
655,2007-0334-RUS,North_Asia,Russia,RUS,RU,2007,420000000,,1.209609692,0.939592058,
656,2007-0362-PER,South_America,Peru,PER,PE,2007,600000000,1.604720522,1.121807707,0.904266589,976709835.6
658,2007-0440-IDN,Southeast_Asia,Indonesia,IDN,ID,2007,500000000,1.204720827,1.205606674,0.87286568,633883553.7
661,2007-0565-IDN,Southeast_Asia,Indonesia,IDN,ID,2007,,1.204720827,1.205606674,0.87286568,
662,2007-0587-CHL,South_America,Chile,CHL,CL,2007,100000000,1.127043394,1.198899289,0.853111317,115273384.3
665,2008-0040-COD,Africa,Democratic_Republic_of_the_Congo,COD,CD,2008,7000000,,1.495255349,1,
666,2008-0040-RWA,Africa,Rwanda,RWA,RW,2008,,,1.970129579,0.870612839,
669,2008-0192-CHN,East_Asia,China,CHN,CN,2008,85000000000,1.312547664,1.466860528,0.739869203,1.21081E+11
670,2008-0226-GRC,Europe,Greece,GRC,GR,2008,,0.991159613,1.156927528,0.87357984,
671,2008-0242-JPN,East_Asia,Japan,JPN,JP,2008,167000000,0.798368471,1.130910991,0.89540669,135010830.5
672,2008-0275-JPN,East_Asia,Japan,JPN,JP,2008,110000000,0.798368471,1.130910991,0.89540669,88929289.58
673,2008-0325-CHN,East_Asia,China,CHN,CN,2008,,1.312547664,1.466860528,0.739869203,
674,2008-0355-CHN,East_Asia,China,CHN,CN,2008,,1.312547664,1.466860528,0.739869203,
675,2008-0374-CHN,East_Asia,China,CHN,CN,2008,492000000,1.312547664,1.466860528,0.739869203,700848193.9
676,2008-0401-IRN,Middle_East,Iran,IRN,IR,2008,,6.006083461,1.267984833,0.810659437,
677,2008-0403-IDN,Southeast_Asia,Indonesia,IDN,ID,2008,,1.159661707,1.188690923,0.874172451,
678,2008-0454-KGZ,Central_Asia,Kyrgyzstan,KGZ,KG,2008,,,1.3253642,0.824581162,
679,2008-0455-CHN,East_Asia,China,CHN,CN,2008,,1.312547664,1.466860528,0.739869203,
680,2008-0476-RUS,North_Asia,Russia,RUS,RU,2008,,,1.192572156,0.939592058,
681,2008-0500-PAK,South_Asia,Pakistan,PAK,PK,2008,10000000,1.254776274,1.621214101,0.744123199,15137407.95
682,2008-0536-IDN,Southeast_Asia,Indonesia,IDN,ID,2008,,1.159661707,1.188690923,0.874172451,
684,2008-0649-COL,South_America,Colombia,COL,CO,2008,10000000,1.066368793,1.139159146,0.892504558,10841821.96
685,2008-0650-CHN,East_Asia,China,CHN,CN,2008,,1.312547664,1.466860528,0.739869203,
686,2009-0001-IDN,Southeast_Asia,Indonesia,IDN,ID,2009,10000000,1.190076822,1.172243291,0.875446816,12213004.59
687,2009-0002-CRI,Caribbean_Central_America,Costa_Rica,CRI,CR,2009,200000000,,1.328962617,0.819509445,
688,2009-0059-CHN,East_Asia,China,CHN,CN,2009,3100000,1.299867307,1.42045271,0.75248602,4307109.671
689,2009-0112-IDN,Southeast_Asia,Indonesia,IDN,ID,2009,9000000,1.190076822,1.172243291,0.875446816,10991704.13
690,2009-0136-ITA,Europe,Italy,ITA,IT,2009,2500000000,1.08464385,1.149647629,0.880779825,2745739130
691,2009-0156-AFG,South_Asia,Afghanistan,AFG,AF,2009,,,1.461426861,0.990776507,
692,2009-0205-HND,Caribbean_Central_America,Honduras,HND,HN,2009,100000000,,1.649774645,0.963533894,
693,2009-0249-CHN,East_Asia,China,CHN,CN,2009,315000000,1.299867307,1.42045271,0.75248602,437657918.2
694,2009-0354-IDN,Southeast_Asia,Indonesia,IDN,ID,2009,160000000,1.190076822,1.172243291,0.875446816,195408073.5
697,2009-0404-PHL,Southeast_Asia,Philippines,PHL,PH,2009,90000,1.396775082,1.256762085,0.825253705,130379.569
698,2009-0406-BTN,South_Asia,Bhutan,BTN,BT,2009,,,1.683306171,1,
699,2009-0421-IDN,Southeast_Asia,Indonesia,IDN,ID,2009,2200000000,1.190076822,1.172243291,0.875446816,2686861010
700,2009-0479-IDN,Southeast_Asia,Indonesia,IDN,ID,2009,2430000,1.190076822,1.172243291,0.875446816,2967760.116
702,2009-0547-MWI,Africa,Malawi,MWI,MW,2009,,,1.643242791,1,
703,2009-0573-MWI,Africa,Malawi,MWI,MW,2009,,,1.643242791,1,
704,2010-0002-TJK,Central_Asia,Tajikistan,TJK,TJ,2010,1500000,,1.233614897,0.883382837,
706,2010-0017-HTI,Caribbean_Central_America,Haiti,HTI,HT,2010,8000000000,,1.50869325,1,
708,2010-0027-USA,North_America,United_States,USA,US,2010,12500000,1.43857336,1.134648901,0.896263045,18286854.66
709,2010-0064-CHN,East_Asia,China,CHN,CN,2010,4400000,1.24858573,1.376891296,0.764726882,5784649.576
711,2010-0091-CHL,South_America,Chile,CHL,CL,2010,30000000000,0.994849785,1.139173104,0.892476917,30343486483
712,2010-0093-TUR,Europe,Turkiye,TUR,TR,2010,,0.679654669,1.21158656,0.878945793,
713,2010-0158-MEX,North_America,Mexico,MEX,MX,2010,1150000000,1.257546991,1.329841437,0.850179009,1635054759
714,2010-0169-CHN,East_Asia,China,CHN,CN,2010,500000000,1.24858573,1.376891296,0.764726882,657346542.7
715,2010-0238-IDN,Southeast_Asia,Indonesia,IDN,ID,2010,,0.9903817,1.156244611,0.876689967,
717,2010-0463-NZL,Oceania,New_Zealand,NZL,NZ,2010,6500000000,1.16879977,1.222331424,0.836165448,7764878573
719,2010-0645-IRN,Middle_East,Iran,IRN,IR,2010,,5.225282789,1.214308217,0.842615099,
720,2010-0668-TWN,East_Asia,Taiwan,TWN,TW,2010,1000000000,1.236699828,1.168525,0.870415906,1257850792
721,2010-0669-AFG,South_Asia,Afghanistan,AFG,AF,2010,,,1.422572069,0.990776507,
722,2010-0672-IRN,Middle_East,Iran,IRN,IR,2010,,5.225282789,1.214308217,0.842615099,
725,2011-0068-NZL,Oceania,New_Zealand,NZL,NZ,2011,15000000000,1.02475855,1.20957604,0.844099441,15694214988
726,2011-0079-CHN,East_Asia,China,CHN,CN,2011,290000000,1.128934929,1.335922202,0.784797948,343246354.9
727,2011-0082-JPN,East_Asia,Japan,JPN,JP,2011,4200000000,0.631202431,1.096030308,0.921075638,2676306277
729,2011-0090-MMR,Southeast_Asia,Myanmar,MMR,MM,2011,3600000,,1.15722124,1,
730,2011-0104-PAK,South_Asia,Pakistan,PAK,PK,2011,,1.071214069,1.494972879,0.784938839,
731,2011-0130-JPN,East_Asia,Japan,JPN,JP,2011,,0.631202431,1.096030308,0.921075638,
732,2011-0159-ESP,Europe,Spain,ESP,ES,2011,200000000,,1.133898902,0.893136707,
733,2011-0170-TUR,Europe,Turkiye,TUR,TR,2011,244000000,0.711444737,1.189905174,0.889985609,183834210.6
736,2011-0243-UZB,Central_Asia,Uzbekistan,UZB,UZ,2011,,,1.195710063,0.861194349,
737,2011-0351-BTN,South_Asia,Bhutan,BTN,BT,2011,,,1.572614487,1,
738,2011-0351-CHN,East_Asia,China,CHN,CN,2011,,1.128934929,1.335922202,0.784797948,
739,2011-0351-IND,South_Asia,India,IND,IN,2011,,1.143637571,1.444960901,0.721035998,
740,2011-0351-NPL,South_Asia,Nepal,NPL,NP,2011,,1.240303681,1.553483037,0.67722243,
741,2011-0373-GTM,Caribbean_Central_America,Guatemala,GTM,GT,2011,,1.696823818,1.402308927,0.739953531,
743,2011-0388-NZL,Oceania,New_Zealand,NZL,NZ,2011,3000000000,1.02475855,1.20957604,0.844099441,3138842998
744,2011-0389-IDN,Southeast_Asia,Indonesia,IDN,ID,2011,5850000,0.906942177,1.140676748,0.887595259,5371715.809
745,2011-0397-TUR,Europe,Turkiye,TUR,TR,2011,1500000000,0.711444737,1.189905174,0.889985609,1130128344
746,2011-0411-CHN,East_Asia,China,CHN,CN,2011,56400000,1.128934929,1.335922202,0.784797948,66755498
747,2011-0443-PER,South_America,Peru,PER,PE,2011,,1.236321446,1.084783573,0.931368198,
749,2011-0467-TUR,Europe,Turkiye,TUR,TR,2011,,0.711444737,1.189905174,0.889985609,
750,2011-0512-MEX,North_America,Mexico,MEX,MX,2011,,1.195640557,1.302893255,0.85384513,
753,2012-0031-PHL,Southeast_Asia,Philippines,PHL,PH,2012,8900000,1.104772762,1.198880152,0.849042333,10008478.94
754,2012-0097-IDN,Southeast_Asia,Indonesia,IDN,ID,2012,,0.930827507,1.125522533,0.898474575,
755,2012-0124-MEX,North_America,Mexico,MEX,MX,2012,320000000,1.217396249,1.277015548,0.857395502,426539566.6
756,2012-0126-CHL,South_America,Chile,CHL,CL,2012,100000000,0.891025703,1.10255539,0.918460443,90230030.66
757,2012-0142-ITA,Europe,Italy,ITA,IT,2012,15800000000,1.09512536,1.109789705,0.909665074,17467998068
758,2012-0151-TJK,Central_Asia,Tajikistan,TJK,TJ,2012,,,1.188425277,0.899265633,
760,2012-0162-ITA,Europe,Italy,ITA,IT,2012,,1.09512536,1.109789705,0.909665074,
761,2012-0164-AFG,South_Asia,Afghanistan,AFG,AF,2012,,,1.350747715,0.990776507,
762,2012-0190-CHN,East_Asia,China,CHN,CN,2012,300000000,1.074726736,1.297320712,0.804697552,336588551.3
764,2012-0275-IRN,Middle_East,Iran,IRN,IR,2012,500000000,3.860431527,1.164991537,0.87427928,1965978728
766,2012-0338-CHN,East_Asia,China,CHN,CN,2012,68000000,1.074726736,1.297320712,0.804697552,76293404.96
767,2012-0343-CRI,Caribbean_Central_America,Costa_Rica,CRI,CR,2012,45000000,,1.26715847,0.848274277,
768,2012-0350-CHN,East_Asia,China,CHN,CN,2012,1000000000,1.074726736,1.297320712,0.804697552,1121961838
769,2012-0397-CHN,East_Asia,China,CHN,CN,2012,,1.074726736,1.297320712,0.804697552,
770,2012-0398-IDN,Southeast_Asia,Indonesia,IDN,ID,2012,,0.930827507,1.125522533,0.898474575,
771,2012-0407-GTM,Caribbean_Central_America,Guatemala,GTM,GT,2012,210000000,1.645111203,1.376318486,0.752597035,357845862.8
772,2012-0417-MMR,Southeast_Asia,Myanmar,MMR,MM,2012,1170000,,1.142464494,1,
773,2012-0431-PHL,Southeast_Asia,Philippines,PHL,PH,2012,3244000,1.104772762,1.198880152,0.849042333,3648034.346
774,2012-0502-IRN,Middle_East,Iran,IRN,IR,2012,,3.860431527,1.164991537,0.87427928,
775,2012-0536-CHN,East_Asia,China,CHN,CN,2012,96000000,1.074726736,1.297320712,0.804697552,107708336.4
778,2012-0604-CHN,East_Asia,China,CHN,CN,2012,84000000,1.074726736,1.297320712,0.804697552,94244794.36
779,2013-0020-IDN,Southeast_Asia,Indonesia,IDN,ID,2013,,0.974877595,1.110765694,0.909328005,
780,2013-0058-COL,South_America,Colombia,COL,CO,2013,4000000,0.874294479,1.081435089,0.931276054,3522058.945
781,2013-0081-CHN,East_Asia,China,CHN,CN,2013,56000000,1.027936246,1.260887356,0.824427883,59838840.35
782,2013-0098-IRN,Middle_East,Iran,IRN,IR,2013,600000000,4.274110236,1.141805474,0.890003309,2606037804
784,2013-0099-PAK,South_Asia,Pakistan,PAK,PK,2013,,1.067440314,1.421195474,0.810933812,
785,2013-0116-CHN,East_Asia,China,CHN,CN,2013,6800000000,1.027936246,1.260887356,0.824427883,7266144900
787,2013-0140-IND,South_Asia,India,IND,IN,2013,120000000,1.19215807,1.372936554,0.75513406,148316550.7
788,2013-0151-AFG,South_Asia,Afghanistan,AFG,AF,2013,,,1.317488328,0.991643809,
789,2013-0206-TWN,East_Asia,Taiwan,TWN,TW,2013,1100000,1.116318382,1.121080019,0.903372672,1243610.334
790,2013-0235-IDN,Southeast_Asia,Indonesia,IDN,ID,2013,130000000,0.974877595,1.110765694,0.909328005,128007809.6
791,2013-0242-CHN,East_Asia,China,CHN,CN,2013,1000000000,1.027936246,1.260887356,0.824427883,1068550721
792,2013-0268-NZL,Oceania,New_Zealand,NZL,NZ,2013,50000000,0.965881614,1.184847581,0.859917748,49205460.71
793,2013-0314-CHN,East_Asia,China,CHN,CN,2013,155000000,1.027936246,1.260887356,0.824427883,165625361.7
794,2013-0381-PAK,South_Asia,Pakistan,PAK,PK,2013,100000000,1.067440314,1.421195474,0.810933812,123022012
795,2013-0395-PHL,Southeast_Asia,Philippines,PHL,PH,2013,51459000,1.082502379,1.180753075,0.860887409,56623360.86
796,2013-0405-GTM,Caribbean_Central_America,Guatemala,GTM,GT,2013,2000000,1.581303241,1.351273929,0.765196015,3270101.662
798,2013-0436-IDN,Southeast_Asia,Indonesia,IDN,ID,2013,,0.974877595,1.110765694,0.909328005,
800,2013-0484-PAK,South_Asia,Pakistan,PAK,PK,2013,,1.067440314,1.421195474,0.810933812,
801,2013-0516-IRN,Middle_East,Iran,IRN,IR,2013,,4.274110236,1.141805474,0.890003309,
802,2013-0555-CHN,East_Asia,China,CHN,CN,2013,6300000,1.027936246,1.260887356,0.824427883,6731869.539
803,2013-0561-TWN,East_Asia,Taiwan,TWN,TW,2013,1000000,1.116318382,1.121080019,0.903372672,1130554.849
804,2013-0563-CHN,East_Asia,China,CHN,CN,2013,38000000,1.027936246,1.260887356,0.824427883,40604927.38
806,2014-0049-GRC,Europe,Greece,GRC,GR,2014,178000000,1.009615337,1.076946258,0.933743329,180716366.1
807,2014-0054-IRN,Middle_East,Iran,IRN,IR,2014,2000000,5.163710529,1.119524314,0.905655951,10471012.05
808,2014-0086-CHN,East_Asia,China,CHN,CN,2014,174000000,1.000038,1.226444456,0.843991092,180115670.2
809,2014-0094-CHL,South_America,Chile,CHL,CL,2014,100000000,0.980044363,1.068218451,0.94423868,98852486.4
810,2014-0111-NIC,Caribbean_Central_America,Nicaragua,NIC,NI,2014,3000000,,1.263560187,0.861058303,
812,2014-0129-CHN,East_Asia,China,CHN,CN,2014,80000000,1.000038,1.226444456,0.843991092,82811802.38
813,2014-0173-CHN,East_Asia,China,CHN,CN,2014,60000000,1.000038,1.226444456,0.843991092,62108851.79
814,2014-0174-GRC,Europe,Greece,GRC,GR,2014,450000000,1.009615337,1.076946258,0.933743329,456867217.6
816,2014-0177-CHN,East_Asia,China,CHN,CN,2014,2000000,1.000038,1.226444456,0.843991092,2070295.06
817,2014-0234-GTM,Caribbean_Central_America,Guatemala,GTM,GT,2014,,1.504790361,1.327124544,0.777750707,
818,2014-0234-MEX,North_America,Mexico,MEX,MX,2014,,1.137978141,1.228226168,0.864170257,
819,2014-0281-CHN,East_Asia,China,CHN,CN,2014,5000000000,1.000038,1.226444456,0.843991092,5175737649
820,2014-0287-IRN,Middle_East,Iran,IRN,IR,2014,43000000,5.163710529,1.119524314,0.905655951,225126759
821,2014-0298-DZA,Africa,Algeria,DZA,DZ,2014,,,1.105984904,0.939125773,
822,2014-0311-ZAF,Africa,South_Africa,ZAF,ZA,2014,,,1.218706894,0.880113461,
823,2014-0318-USA,North_America,United_States,USA,US,2014,700000000,1.325056656,1.080584881,0.935216986,937354267.5
824,2014-0334-PER,South_America,Peru,PER,PE,2014,,1.157414467,1.058580535,0.951551757,
825,2014-0449-CHN,East_Asia,China,CHN,CN,2014,274000000,1.000038,1.226444456,0.843991092,283630423.2
826,2014-0464-CHN,East_Asia,China,CHN,CN,2014,50000000,1.000038,1.226444456,0.843991092,51757376.49
827,2014-0465-JPN,East_Asia,Japan,JPN,JP,2014,2000000,0.813064693,1.063236897,0.946587981,1636613.477
828,2014-0544-CHN,East_Asia,China,CHN,CN,2014,,1.000038,1.226444456,0.843991092,
829,2015-0078-CHN,East_Asia,China,CHN,CN,2015,14650000,0.999359505,1.193833233,0.863389293,15090710.74
831,2015-0125-CHN,East_Asia,China,CHN,CN,2015,15000000,0.999359505,1.193833233,0.863389293,15451239.67
832,2015-0144-BGD,South_Asia,Bangladesh,BGD,BD,2015,,,1.216819846,1,
833,2015-0144-CHN,East_Asia,China,CHN,CN,2015,,0.999359505,1.193833233,0.863389293,
834,2015-0144-IND,South_Asia,India,IND,IN,2015,,1.166361163,1.307751438,0.78889878,
835,2015-0144-NPL,South_Asia,Nepal,NPL,NP,2015,5174000000,1.229921995,1.369261718,0.758735936,6611212440
836,2015-0175-CHN,East_Asia,China,CHN,CN,2015,,0.999359505,1.193833233,0.863389293,
837,2015-0175-IND,South_Asia,India,IND,IN,2015,,1.166361163,1.307751438,0.78889878,
838,2015-0175-NPL,South_Asia,Nepal,NPL,NP,2015,,1.229921995,1.369261718,0.758735936,
839,2015-0216-MYS,Southeast_Asia,Malaysia,MYS,MY,2015,2000,,1.140962685,1,
840,2015-0271-CHN,East_Asia,China,CHN,CN,2015,3200000,0.999359505,1.193833233,0.863389293,3296264.462
841,2015-0336-COD,Africa,Democratic_Republic_of_the_Congo,COD,CD,2015,,,1.290296432,1,
843,2015-0476-AFG,South_Asia,Afghanistan,AFG,AF,2015,,,1.255652598,0.993260337,
845,2015-0476-PAK,South_Asia,Pakistan,PAK,PK,2015,,0.982177025,1.354357486,0.836016162,
846,2015-0512-KGZ,Central_Asia,Kyrgyzstan,KGZ,KG,2015,12000000,,1.132591056,0.909109627,
847,2015-0528-TJK,Central_Asia,Tajikistan,TJK,TJ,2015,5000000,,1.126525191,0.921972034,
849,2015-0571-PAK,South_Asia,Pakistan,PAK,PK,2015,,0.982177025,1.354357486,0.836016162,
850,2016-0002-BGD,South_Asia,Bangladesh,BGD,BD,2016,,,1.190996674,1,
851,2016-0002-IND,South_Asia,India,IND,IN,2016,75000000,1.164091569,1.268706804,0.81060896,89788574.35
853,2016-0043-TWN,East_Asia,Taiwan,TWN,TW,2016,700000000,1.185123089,1.081633418,0.93273534,836950990.7
854,2016-0100-PAK,South_Asia,Pakistan,PAK,PK,2016,,0.964957947,1.308007269,0.854341099,
855,2016-0107-JPN,East_Asia,Japan,JPN,JP,2016,38000000000,0.829390248,1.047214783,0.959573718,31670624692
856,2016-0117-ECU,South_America,Ecuador,ECU,EC,2016,2000000000,1.076655113,1.048921866,0.9596811,2167587727
857,2016-0121-JPN,East_Asia,Japan,JPN,JP,2016,20000000000,0.829390248,1.047214783,0.959573718,16668749838
858,2016-0151-ECU,South_America,Ecuador,ECU,EC,2016,,1.076655113,1.048921866,0.9596811,
860,2016-0298-PER,South_America,Peru,PER,PE,2016,,1.285007724,1.044887721,0.962450992,
861,2016-0313-ITA,Europe,Italy,ITA,IT,2016,5000000000,1.253470434,1.06487162,0.944575236,6304024713
862,2016-0329-TZA,Africa,Tanzania,TZA,TZ,2016,458000000,,1.407891015,1,
863,2016-0329-UGA,Africa,Uganda,UGA,UG,2016,,,1.509389076,1,
864,2016-0335-MKD,Europe,North_Macedonia,MKD,MK,2016,10000000,,1.08772563,0.927210808,
865,2016-0341-KOR,East_Asia,South_Korea,KOR,KR,2016,21000000,0.993439167,1.148601894,0.907996749,21757770.67
866,2016-0357-ITA,Europe,Italy,ITA,IT,2016,200000000,1.253470434,1.06487162,0.944575236,252160988.5
867,2016-0358-ITA,Europe,Italy,ITA,IT,2016,200000000,1.253470434,1.06487162,0.944575236,252160988.5
868,2016-0383-MMR,Southeast_Asia,Myanmar,MMR,MM,2016,10000000,,1.089434602,1,
870,2016-0464-PER,South_America,Peru,PER,PE,2016,,1.285007724,1.044887721,0.962450992,
871,2016-0475-IDN,Southeast_Asia,Indonesia,IDN,ID,2016,100000000,1.058594827,1.073539063,0.937909339,106588040.7
872,2016-0480-CHN,East_Asia,China,CHN,CN,2016,5500000,1.045368665,1.171132787,0.877427187,5908121.177
874,2016-0492-JPN,East_Asia,Japan,JPN,JP,2016,100000000,0.829390248,1.047214783,0.959573718,83343749.19
875,2016-0493-USA,North_America,United_States,USA,US,2016,20000000,1.306997777,1.060666267,0.950436109,26351572.07
876,2016-0526-CHN,East_Asia,China,CHN,CN,2016,135000000,1.045368665,1.171132787,0.877427187,145017519.8
877,2016-0536-CHN,East_Asia,China,CHN,CN,2016,60000000,1.045368665,1.171132787,0.877427187,64452231.02
878,2016-0537-PHL,Southeast_Asia,Philippines,PHL,PH,2016,,1.14692552,1.129592345,0.89617401,
879,2017-0015-ITA,Europe,Italy,ITA,IT,2017,18000000,1.213314668,1.057250999,0.950765553,21953182.9
880,2017-0050-PHL,Southeast_Asia,Philippines,PHL,PH,2017,13974000,1.183464807,1.113558056,0.907836304,16718468.71
881,2017-0113-CHN,East_Asia,China,CHN,CN,2017,31000000,1.046672863,1.14927952,0.891379296,33239988.76
882,2017-0124-CHN,East_Asia,China,CHN,CN,2017,2000000,1.046672863,1.14927952,0.891379296,2144515.404
883,2017-0140-PHL,Southeast_Asia,Philippines,PHL,PH,2017,2000000,1.183464807,1.113558056,0.907836304,2392796.438
884,2017-0182-GRC,Europe,Greece,GRC,GR,2017,,1.204828229,1.051082362,0.955012226,
885,2017-0204-IRN,Middle_East,Iran,IRN,IR,2017,2000000,5.074222235,1.076966849,0.937136092,10242464.78
886,2017-0247-PHL,Southeast_Asia,Philippines,PHL,PH,2017,4364000,1.183464807,1.113558056,0.907836304,5221081.827
887,2017-0280-GRC,Europe,Greece,GRC,GR,2017,,1.204828229,1.051082362,0.955012226,
889,2017-0331-CHN,East_Asia,China,CHN,CN,2017,500000000,1.046672863,1.14927952,0.891379296,536128851
890,2017-0349-ITA,Europe,Italy,ITA,IT,2017,,1.213314668,1.057250999,0.950765553,
892,2017-0382-MEX,North_America,Mexico,MEX,MX,2017,2300000000,1.446709576,1.157690901,0.874156045,3367369525
893,2017-0387-MEX,North_America,Mexico,MEX,MX,2017,6000000000,1.446709576,1.157690901,0.874156045,8784442239
895,2017-0446-IRN,Middle_East,Iran,IRN,IR,2017,740000000,5.074222235,1.076966849,0.937136092,3789711967
896,2017-0446-IRQ,Middle_East,Iraq,IRQ,IQ,2017,,,1.071931507,0.99533549,
899,2017-0521-IRN,Middle_East,Iran,IRN,IR,2017,,5.074222235,1.076966849,0.937136092,
900,2017-0530-IDN,Southeast_Asia,Indonesia,IDN,ID,2017,,1.02531031,1.064838262,0.944850474,
901,2018-0011-PER,South_America,Peru,PER,PE,2018,,1.196879179,1.034567856,0.970831859,
902,2018-0031-IDN,Southeast_Asia,Indonesia,IDN,ID,2018,80000000,1.05709987,1.056277364,0.95178101,85019983.18
903,2018-0055-PNG,Oceania,Papua_New_Guinea,PNG,PG,2018,61000000,,1.10744091,0.946201832,
904,2018-0059-TWN,East_Asia,Taiwan,TWN,TW,2018,100000000,1.084089963,1.062361376,0.947786051,109156074.5
905,2018-0183-JPN,East_Asia,Japan,JPN,JP,2018,3250000000,0.829557246,1.036341309,0.968591396,2706282559
906,2018-0215-CHN,East_Asia,China,CHN,CN,2018,29000000,1.003733557,1.128226874,0.905246403,29728958.16
907,2018-0254-IDN,Southeast_Asia,Indonesia,IDN,ID,2018,29000000,1.05709987,1.056277364,0.95178101,30819743.9
908,2018-0257-IDN,Southeast_Asia,Indonesia,IDN,ID,2018,790000000,1.05709987,1.056277364,0.95178101,839572333.9
909,2018-0281-IRN,Middle_East,Iran,IRN,IR,2018,10000000,5.288078972,1.066704241,0.945057707,53308968.86
910,2018-0302-IDN,Southeast_Asia,Indonesia,IDN,ID,2018,5000000,1.05709987,1.056277364,0.95178101,5313748.949
911,2018-0310-IRN,Middle_East,Iran,IRN,IR,2018,,5.288078972,1.066704241,0.945057707,
913,2018-0316-PNG,Oceania,Papua_New_Guinea,PNG,PG,2018,,,1.10744091,0.946201832,
914,2018-0317-PNG,Oceania,Papua_New_Guinea,PNG,PG,2018,,,1.10744091,0.946201832,
916,2018-0323-CHN,East_Asia,China,CHN,CN,2018,50000000,1.003733557,1.128226874,0.905246403,51256824.41
917,2018-0330-JPN,East_Asia,Japan,JPN,JP,2018,1250000000,0.829557246,1.036341309,0.968591396,1040877907
918,2018-0360-HTI,Caribbean_Central_America,Haiti,HTI,HT,2018,,,1.204479753,1,
919,2018-0426-IRN,Middle_East,Iran,IRN,IR,2018,10000000,5.288078972,1.066704241,0.945057707,53308968.86
920,2019-0023-CHL,South_America,Chile,CHL,CL,2019,,1.038909441,1.030471958,0.974299461,
922,2019-0096-CHN,East_Asia,China,CHN,CN,2019,2000000,1.018568284,1.107931644,0.919029283,2074256.505
923,2019-0109-IDN,Southeast_Asia,Indonesia,IDN,ID,2019,,1.019572707,1.04785302,0.95870097,
924,2019-0162-PHL,Southeast_Asia,Philippines,PHL,PH,2019,50000000,1.127856736,1.082817396,0.931065564,56853791.27
926,2019-0233-SLV,Caribbean_Central_America,El_Salvador,SLV,SV,2019,,1.162537009,1.125457605,0.931268296,
928,2019-0243-PER,South_America,Peru,PER,PE,2019,,1.188561176,1.029483991,0.975014411,
929,2019-0259-CHN,East_Asia,China,CHN,CN,2019,1300000000,1.018568284,1.107931644,0.919029283,1348266728
931,2019-0299-IRN,Middle_East,Iran,IRN,IR,2019,,3.884743364,1.056635375,0.952961017,
932,2019-0306-USA,North_America,United_States,USA,US,2019,200000000,1.226988982,1.039642523,0.967046332,246718647.1
934,2019-0334-IDN,Southeast_Asia,Indonesia,IDN,ID,2019,,1.019572707,1.04785302,0.95870097,
936,2019-0362-PHL,Southeast_Asia,Philippines,PHL,PH,2019,5258000,1.127856736,1.082817396,0.931065564,5978744.69
937,2019-0377-IDN,Southeast_Asia,Indonesia,IDN,ID,2019,,1.019572707,1.04785302,0.95870097,
938,2019-0444-ALB,Europe,Albania,ALB,AL,2019,45000000,,1.053410014,0.969518079,
939,2019-0451-IDN,Southeast_Asia,Indonesia,IDN,ID,2019,,1.019572707,1.04785302,0.95870097,
940,2019-0460-PAK,South_Asia,Pakistan,PAK,PK,2019,17000000,1.14261369,1.186219221,0.906553565,20888476.77
942,2019-0479-TUR,Europe,Turkiye,TUR,TR,2019,,1.094516156,1.063450148,0.96033696,
943,2019-0489-PHL,Southeast_Asia,Philippines,PHL,PH,2019,,1.127856736,1.082817396,0.931065564,
944,2019-0520-CHN,East_Asia,China,CHN,CN,2019,,1.018568284,1.107931644,0.919029283,
945,2019-0522-PHL,Southeast_Asia,Philippines,PHL,PH,2019,,1.127856736,1.082817396,0.931065564,
946,2019-0529-PHL,Southeast_Asia,Philippines,PHL,PH,2019,,1.127856736,1.082817396,0.931065564,
948,2019-0553-IRN,Middle_East,Iran,IRN,IR,2019,90000000,3.884743364,1.056635375,0.952961017,352050629
949,2019-0572-ALB,Europe,Albania,ALB,AL,2019,700000000,,1.053410014,0.969518079,
950,2019-0619-PHL,Southeast_Asia,Philippines,PHL,PH,2019,,1.127856736,1.082817396,0.931065564,
951,2020-0007-PRI,Caribbean_Central_America,Puerto_Rico,PRI,PR,2020,800000000,1.163179318,1.049622459,0.99821312,974974028.5
952,2020-0034-TUR,Europe,Turkiye,TUR,TR,2020,340000000,1.204148126,1.052321819,0.967064227,416641690.5
954,2020-0073-TUR,Europe,Turkiye,TUR,TR,2020,,1.204148126,1.052321819,0.967064227,
955,2020-0106-HRV,Europe,Croatia,HRV,HR,2020,6800000000,,1.043960043,0.96277839,
956,2020-0158-PRI,Caribbean_Central_America,Puerto_Rico,PRI,PR,2020,150000000,1.163179318,1.049622459,0.99821312,182807630.3
958,2020-0244-CHN,East_Asia,China,CHN,CN,2020,17000000,0.993410341,1.088353677,0.932728701,17143637.99
959,2020-0251-TUR,Europe,Turkiye,TUR,TR,2020,,1.204148126,1.052321819,0.967064227,
961,2020-0281-MEX,North_America,Mexico,MEX,MX,2020,75000000,1.461059153,1.093054141,0.921699952,110397770.1
962,2020-0370-PHL,Southeast_Asia,Philippines,PHL,PH,2020,2500000,1.055312761,1.068074867,0.94263279,2656228.529
963,2020-0466-GRC,Europe,Greece,GRC,GR,2020,,1.196157568,1.031326392,0.971922615,
964,2020-0466-TUR,Europe,Turkiye,TUR,TR,2020,450000000,1.204148126,1.052321819,0.967064227,551437531.5
965,2020-0572-HRV,Europe,Croatia,HRV,HR,2020,6223400000,,1.043960043,0.96277839,
968,2021-0003-IDN,Southeast_Asia,Indonesia,IDN,ID,2021,58700000,0.996173066,1.031401134,0.972509262,58653542.42
969,2021-0095-IRN,Middle_East,Iran,IRN,IR,2021,10000000,2.074544532,1.037057332,0.968712975,20841100.35
970,2021-0105-JPN,East_Asia,Japan,JPN,JP,2021,7700000000,0.822810513,1.020447988,0.982081341,6349344488
971,2021-0134-GRC,Europe,Greece,GRC,GR,2021,10000000,1.14118729,1.024905076,0.977548731,11433494.48
972,2021-0194-JPN,East_Asia,Japan,JPN,JP,2021,550000000,0.822810513,1.020447988,0.982081341,453524606.3
973,2021-0200-IDN,Southeast_Asia,Indonesia,IDN,ID,2021,,0.996173066,1.031401134,0.972509262,
974,2021-0201-CHN,East_Asia,China,CHN,CN,2021,125000000,0.919352939,1.06945561,0.946345413,116306698.1
977,2021-0225-IND,South_Asia,India,IND,IN,2021,,1.02544984,1.103912958,0.917134789,
978,2021-0293-CHN,East_Asia,China,CHN,CN,2021,516000000,0.919352939,1.06945561,0.946345413,480114049.7
981,2021-0403-TJK,Central_Asia,Tajikistan,TJK,TJ,2021,,,1.047039098,0.962034249,
983,2021-0511-HTI,Caribbean_Central_America,Haiti,HTI,HT,2021,1620071000,,1.10743095,1,
984,2021-0587-CHN,East_Asia,China,CHN,CN,2021,250000000,0.919352939,1.06945561,0.946345413,232613396.1
985,2021-0602-MEX,North_America,Mexico,MEX,MX,2021,200000000,1.304352108,1.073083175,0.93745338,262426631
986,2021-0627-GRC,Europe,Greece,GRC,GR,2021,30000000,1.14118729,1.024905076,0.977548731,34300483.44
987,2021-0654-PAK,South_Asia,Pakistan,PAK,PK,2021,,1.032468831,1.116890401,0.939229168,
988,2021-0720-IDN,Southeast_Asia,Indonesia,IDN,ID,2021,,0.996173066,1.031401134,0.972509262,
989,2021-0738-IRN,Middle_East,Iran,IRN,IR,2021,165000000,2.074544532,1.037057332,0.968712975,343878155.7
993,2021-0829-CHN,East_Asia,China,CHN,CN,2021,71000000,0.919352939,1.06945561,0.946345413,66062204.51
994,2022-0004-CHN,East_Asia,China,CHN,CN,2022,54000000,0.941847644,1.05120263,0.959880166,51318963.01
996,2022-0027-AFG,South_Asia,Afghanistan,AFG,AF,2022,,,1.065053934,0.998276349,
997,2022-0042-IDN,Southeast_Asia,Indonesia,IDN,ID,2022,23000000,0.992125273,1.023367409,0.979397641,22870991.09
998,2022-0045-CHN,East_Asia,China,CHN,CN,2022,541000000,0.941847644,1.05120263,0.959880166,514139981.3
999,2022-0057-HTI,Caribbean_Central_America,Haiti,HTI,HT,2022,,,1.078465799,1,
1001,2022-0092-GTM,Caribbean_Central_America,Guatemala,GTM,GT,2022,,1.091096726,1.075161821,0.93838783,
1002,2022-0115-IDN,Southeast_Asia,Indonesia,IDN,ID,2022,39000000,0.992125273,1.023367409,0.979397641,38781245.76
1003,2022-0153-JPN,East_Asia,Japan,JPN,JP,2022,8800000000,0.961797564,1.015257992,0.986568269,8477541120
1004,2022-0177-ECU,South_America,Ecuador,ECU,EC,2022,,1.037972967,1.015792232,0.986619513,
1005,2022-0231-BIH,Europe,Bosnia_and_Herzegovina,BIH,BA,2022,26000000,,1.026821714,0.977028682,
1006,2022-0334-CHN,East_Asia,China,CHN,CN,2022,42000000,0.941847644,1.05120263,0.959880166,39914749.01
1007,2022-0342-AFG,South_Asia,Afghanistan,AFG,AF,2022,,,1.065053934,0.998276349,
1008,2022-0342-PAK,South_Asia,Pakistan,PAK,PK,2022,,1.08314627,1.085178659,0.95497363,
1009,2022-0402-IRN,Middle_East,Iran,IRN,IR,2022,143000000,1.445791858,1.027537879,0.976561749,207462382.9
1012,2022-0448-PHL,Southeast_Asia,Philippines,PHL,PH,2022,151000000,1.053431681,1.039762197,0.965673076,159715648.5
1013,2022-0567-CHN,East_Asia,China,CHN,CN,2022,2300000000,0.941847644,1.05120263,0.959880166,2185807684
1014,2022-0592-PNG,Oceania,Papua_New_Guinea,PNG,PG,2022,,,1.043382636,0.977557448,
1016,2022-0611-TWN,East_Asia,Taiwan,TWN,TW,2022,50000000,1.017491534,1.025806681,0.977710367,51024240.9
1017,2022-0622-MEX,North_America,Mexico,MEX,MX,2022,,1.200244271,1.053828885,0.953159891,
1018,2022-0623-MEX,North_America,Mexico,MEX,MX,2022,25000000,1.200244271,1.053828885,0.953159891,30140156.8
1020,2022-0703-PHL,Southeast_Asia,Philippines,PHL,PH,2022,1400000,1.053431681,1.039762197,0.965673076,1480807.337
1021,2022-0731-NPL,South_Asia,Nepal,NPL,NP,2022,,1.035950265,1.088025422,0.92953981,
1022,2022-0755-IDN,Southeast_Asia,Indonesia,IDN,ID,2022,,0.992125273,1.023367409,0.979397641,
1023,2022-0765-TUR,Europe,Turkiye,TUR,TR,2022,50000000,1.379718238,1.030749542,0.980377173,69711872.91
1024,2022-0808-USA,North_America,United_States,USA,US,2022,250000000,1.07187276,1.019436015,0.98356739,268687422.3
1025,2023-0006-IDN,Southeast_Asia,Indonesia,IDN,ID,2023,,0.981951375,1.01545787,0.986275541,
1026,2023-0012-IRN,Middle_East,Iran,IRN,IR,2023,50000000,1,1.0181916,0.98439247,50115007.19
1027,2023-0047-IRN,Middle_East,Iran,IRN,IR,2023,255000000,1,1.0181916,0.98439247,255586536.7
1028,2023-0054-TUR,Europe,Turkiye,TUR,TR,2023,34000000000,1.286330999,1.020291708,0.986963844,44041008240
1029,2023-0073-IDN,Southeast_Asia,Indonesia,IDN,ID,2023,,0.981951375,1.01545787,0.986275541,
1030,2023-0091-TUR,Europe,Turkiye,TUR,TR,2023,,1.286330999,1.020291708,0.986963844,
1031,2023-0107-TUR,Europe,Turkiye,TUR,TR,2023,,1.286330999,1.020291708,0.986963844,
1032,2023-0155-ECU,South_America,Ecuador,ECU,EC,2023,,1.015473252,1.010473024,0.991086213,
1033,2023-0155-PER,South_America,Peru,PER,PE,2023,,1.087020018,1.009638542,0.991692305,
1034,2023-0156-AFG,South_Asia,Afghanistan,AFG,AF,2023,,,1.042448802,0.998874615,
1035,2023-0156-PAK,South_Asia,Pakistan,PAK,PK,2023,,1.133503392,1.055217975,0.970341456,
1037,2023-0189-PNG,Oceania,Papua_New_Guinea,PNG,PG,2023,,,1.028509485,0.985137217,
1039,2023-0268-CHN,East_Asia,China,CHN,CN,2023,30000000,0.988015332,1.033562261,0.973333697,29818331.66
1040,2023-0279-JPN,East_Asia,Japan,JPN,JP,2023,,0.995053763,1.010120522,0.991050349,
1041,2023-0323-FRA,Europe,France,FRA,FR,2023,445000000,,1.016196678,0.98579484,
1042,2023-0378-IDN,Southeast_Asia,Indonesia,IDN,ID,2023,,0.981951375,1.01545787,0.986275541,
1043,2023-0522-CHN,East_Asia,China,CHN,CN,2023,35000000,0.988015332,1.033562261,0.973333697,34788053.61
1044,2023-0600-MAR,Africa,Morocco,MAR,MA,2023,7000000000,,1.023140259,0.986319787,
1045,2023-0636-AFG,South_Asia,Afghanistan,AFG,AF,2023,217000000,,1.042448802,0.998874615,
1046,2023-0653-NPL,South_Asia,Nepal,NPL,NP,2023,,1.020554658,1.057010815,0.953203788,
1047,2023-0660-AFG,South_Asia,Afghanistan,AFG,AF,2023,,,1.042448802,0.998874615,
1048,2023-0722-NPL,South_Asia,Nepal,NPL,NP,2023,100000000,1.020554658,1.057010815,0.953203788,102825649
1050,2023-0762-PHL,Southeast_Asia,Philippines,PHL,PH,2023,25393000,1.015039634,1.026161387,0.977146391,25844748.73
1051,2023-0791-PHL,Southeast_Asia,Philippines,PHL,PH,2023,22712000,1.015039634,1.026161387,0.977146391,23116052.98
1052,2023-0838-CHN,East_Asia,China,CHN,CN,2023,1000000000,0.988015332,1.033562261,0.973333697,993944388.7
1053,2024-0001-JPN,East_Asia,Japan,JPN,JP,2024,15000000000,1.04350258,1.005034784,0.99552759,15660988823
1054,2024-0035-CHN,East_Asia,China,CHN,CN,2024,430000000,1.001659409,1.016504172,0.986706735,432002030.7
1056,2024-0153-PNG,Oceania,Papua_New_Guinea,PNG,PG,2024,,,1.014054401,0.992617419,
1057,2024-0154-IDN,Southeast_Asia,Indonesia,IDN,ID,2024,40000000,1,1.007669656,0.993142986,40030402.07
1058,2024-0189-TWN,East_Asia,Taiwan,TWN,TW,2024,2530000000,1.046589658,1.008456733,0.992584666,2650463279
1059,2024-0262-IDN,Southeast_Asia,Indonesia,IDN,ID,2024,,1,1.007669656,0.993142986,
1060,2024-0392-IRN,Middle_East,Iran,IRN,IR,2024,,1,1.009013812,0.9922052,
1063,2024-0688-IDN,Southeast_Asia,Indonesia,IDN,ID,2024,30000000,1,1.007669656,0.993142986,30022801.55
1065,2025-0004-CHN,East_Asia,China,CHN,CN,2025,1250000000,1,1,1,1250000000
1067,2025-0041-TWN,East_Asia,Taiwan,TWN,TW,2025,1300000000,1,1,1,1300000000
1069,2025-0223-MMR,Southeast_Asia,Myanmar,MMR,MM,2025,12000000000,,1,1,
1070,2025-0248-TJK,Central_Asia,Tajikistan,TJK,TJ,2025,,,1,1,
1071,2025-0293-TUR,Europe,Turkiye,TUR,TR,2025,100000000,1,1,1,100000000
1074,2025-0439-PER,South_America,Peru,PER,PE,2025,,1,1,1,
1076,2025-0499-GTM,Caribbean_Central_America,Guatemala,GTM,GT,2025,,1,1,1,
1077,2025-0621-GTM,Caribbean_Central_America,Guatemala,GTM,GT,2025,,1,1,1,
1078,2025-0671-TUR,Europe,Turkiye,TUR,TR,2025,,1,1,1,
1079,2025-0692-IDN,Southeast_Asia,Indonesia,IDN,ID,2025,,1,1,1,
1080,2025-0750-AFG,South_Asia,Afghanistan,AFG,AF,2025,,,1,1,
1083,2025-0844-PHL,Southeast_Asia,Philippines,PHL,PH,2025,,1,1,1,
1084,2025-0870-PHL,Southeast_Asia,Philippines,PHL,PH,2025,,1,1,1,
1086,2025-0932-AFG,South_Asia,Afghanistan,AFG,AF,2025,,,1,1,
1087,2025-0978-BGD,South_Asia,Bangladesh,BGD,BD,2025,,,1,1,
